Clave;Nombre;Total;Sabe leer y escribir;No sabe leer y escribir
1001;Aguascalientes;563760;525234;37226
1002;Asientos;32307;28721;3463
1003;Calvillo;44264;39191;4906
1004;Cosío;10812;9753;995
1005;Jesús María;54334;48613;5544
1006;Pabellón de Arteaga;29572;26658;2766
1007;Rincón de Romos;35868;32016;3693
1008;San José de Gracia;6166;5574;572
1009;Tepezalá;14187;12653;1489
1010;El Llano;13150;11481;1609
1011;San Francisco de los Romo;16984;15072;1855
1996;No especificado;;;
1997;Otros estados;;;
2001;Ensenada;298617;269908;27538
2002;Mexicali;639071;593607;42557
2003;Tecate;61141;55817;4930
2004;Tijuana;965133;895365;64164
2005;Playas de Rosarito;46907;42914;3731
2996;No especificado;;;
2997;Otros estados;;;
3001;Comondú;56411;50904;5327
3002;Mulegé;40259;36325;3697
3003;La Paz;176157;164326;11396
3008;Los Cabos;90914;83734;6763
3009;Loreto;10474;9623;821
3996;No especificado;;;
3997;Otros estados;;;
4001;Calkiní;42050;33949;7970
4002;Campeche;193848;174634;18887
4003;Carmen;150018;132042;17553
4004;Champotón;61815;49892;11811
4005;Hecelchakán;22109;18326;3751
4006;Hopelchén;27068;21386;5598
4007;Palizada;7410;6213;1180
4008;Tenabo;7523;6176;1342
4009;Escárcega;43530;34532;8883
4010;Calakmul;19208;13784;5364
4011;Candelaria;32120;24440;7613
4996;No especificado;;;
4997;Otros estados;;;
5001;Abasolo;992;933;59
5002;Acuña;93911;86016;7466
5003;Allende;18318;16989;1263
5004;Arteaga;16662;14527;2033
5005;Candela;1462;1250;203
5006;Castaños;19852;18407;1403
5007;Cuatro Ciénegas;10583;9451;1122
5008;Escobedo;2463;2233;230
5009;Francisco I. Madero;40384;36411;3869
5010;Frontera;58726;54657;3928
5011;General Cepeda;10055;8636;1411
5012;Guerrero;1754;1541;211
5013;Hidalgo;1224;1050;173
5014;Jiménez;8445;7595;838
5015;Juárez;1387;1263;119
5016;Lamadrid;1561;1424;132
5017;Matamoros;80174;71985;7888
5018;Monclova;172185;162321;9391
5019;Morelos;6322;5826;476
5020;Múzquiz;55263;50592;4436
5021;Nadadores;5323;4899;416
5022;Nava;19696;18029;1609
5023;Ocampo;10334;9123;1031
5024;Parras;38008;33927;3967
5025;Piedras Negras;109663;101479;7643
5026;Progreso;3104;2771;314
5027;Ramos Arizpe;34479;31443;2855
5028;Sabinas;46516;43440;2957
5029;Sacramento;1780;1624;150
5030;Saltillo;509078;475606;31126
5031;San Buenaventura;17973;16752;1155
5032;San Juan de Sabinas;35910;33892;1916
5033;San Pedro;77378;68997;8250
5034;Sierra Mojada;5134;4657;469
5035;Torreón;469030;440969;26383
5036;Viesca;16528;14484;1982
5037;Villa Unión;5345;4814;487
5038;Zaragoza;11051;10068;947
5996;No especificado;;;
5997;Otros estados;;;
5998;Otros municipios;;;
6001;Armería;23640;19854;3726
6002;Colima;112813;104521;7983
6003;Comala;16485;14719;1722
6004;Coquimatlán;15819;13670;2086
6005;Cuauhtémoc;22657;20373;2222
6006;Ixtlahuacán;4668;3965;680
6007;Manzanillo;103294;93314;9644
6008;Minatitlán;7235;6199;997
6009;Tecomán;83692;69996;13491
6010;Villa de Álvarez;67474;62461;4868
6996;No especificado;;;
6997;Otros estados;;;
7001;Acacoyagua;12284;9624;2613
7002;Acala;21671;15658;5934
7003;Acapetahua;22160;17248;4866
7004;Altamirano;13407;8321;5008
7005;Amatán;15589;9841;5660
7006;Amatenango de la Frontera;22537;16855;5605
7007;Amatenango del Valle;4487;2581;1901
7008;Angel Albino Corzo;18598;13310;5266
7009;Arriaga;33638;27993;5570
7010;Bejucal de Ocampo;5668;4341;1319
7011;Bella Vista;15535;12521;2964
7012;Berriozábal;24681;18390;6271
7013;Bochil;18753;12934;5766
7014;El Bosque;10133;5994;4110
7015;Cacahoatán;34064;26868;7146
7016;Catazajá;14151;11265;2840
7017;Cintalapa;56124;44727;11284
7018;Coapilla;6160;4540;1604
7019;Comitán de Domínguez;91971;73708;18094
7020;La Concordia;34436;24011;10358
7021;Copainalá;16753;13269;3456
7022;Chalchihuitán;10045;4997;4839
7023;Chamula;49152;22809;26011
7024;Chanal;5561;3056;2476
7025;Chapultenango;5840;4020;1797
7026;Chenalhó;19314;10922;8250
7027;Chiapa de Corzo;53334;41937;11196
7028;Chiapilla;4574;2977;1588
7029;Chicoasén;3796;3023;761
7030;Chicomuselo;21806;15907;5827
7031;Chilón;52851;29775;22708
7032;Escuintla;24344;19052;5216
7033;Francisco León;4279;2711;1551
7034;Frontera Comalapa;45403;36686;8585
7035;Frontera Hidalgo;9583;7382;2172
7036;La Grandeza;5035;4004;1022
7037;Huehuetán;27665;21563;6037
7038;Huixtán;14930;9930;4949
7039;Huitiupán;16438;10227;6150
7040;Huixtla;42566;35129;7336
7041;La Independencia;27849;20767;7027
7042;Ixhuatán;7516;5021;2482
7043;Ixtacomitán;7873;6035;1802
7044;Ixtapa;15877;11555;4297
7045;Ixtapangajoya;4007;2862;1131
7046;Jiquipilas;30992;25340;5592
7047;Jitotol;10777;6937;3821
7048;Juárez;17636;13904;3679
7049;Larráinzar;10484;6300;4164
7050;La Libertad;4712;3853;834
7051;Mapastepec;34004;26323;7527
7052;Las Margaritas;66866;42300;24401
7053;Mazapa de Madero;6267;5274;959
7054;Mazatán;21291;16917;4319
7055;Metapa;4226;3451;762
7056;Mitontic;6026;2306;3701
7057;Motozintla;51377;41424;9774
7058;Nicolás Ruíz;;;
7059;Ocosingo;91046;59862;30863
7060;Ocotepec;7527;3863;3649
7061;Ocozocoautla de Espinosa;56215;42846;13254
7062;Ostuacán;14433;10319;4086
7063;Osumacinta;2673;2214;454
7064;Oxchuc;31128;20994;9898
7065;Palenque;71322;53285;17794
7066;Pantelhó;12281;6005;6157
7067;Pantepec;7209;4118;3054
7068;Pichucalco;25721;19566;6085
7069;Pijijiapan;41276;32034;9123
7070;El Porvenir;9908;8013;1875
7071;Villa Comaltitlán;23180;17669;5453
7072;Pueblo Nuevo Solistahuacán;20221;11808;8324
7073;Rayón;5728;3811;1903
7074;Reforma;30479;25678;4719
7075;Las Rosas;18155;11374;6745
7076;Sabanilla;16716;10493;6126
7077;Salto de Agua;40885;25874;14830
7078;San Cristóbal de las Casas;114251;90533;23389
7079;San Fernando;22854;17148;5657
7080;Siltepec;27777;19795;7735
7081;Simojovel;20936;11568;9274
7082;Sitalá;3841;1481;2339
7083;Socoltenango;13348;9118;4205
7084;Solosuchiapa;6631;4773;1825
7085;Soyaló;6643;4600;2019
7086;Suchiapa;13935;10555;3353
7087;Suchiate;26192;19885;6197
7088;Sunuapa;1674;1221;448
7089;Tapachula;238298;201928;35753
7090;Tapalapa;3079;2294;765
7091;Tapilula;8907;6517;2359
7092;Tecpatán;32645;24124;8449
7093;Tenejapa;25536;16918;8509
7094;Teopisca;22374;13378;8927
7096;Tila;47563;29354;17965
7097;Tonalá;69175;56760;12292
7098;Totolapa;4745;2796;1932
7099;La Trinitaria;52634;40321;12141
7100;Tumbalá;20489;11937;8468
7101;Tuxtla Gutiérrez;383419;342992;39269
7102;Tuxtla Chico;29747;23300;6323
7103;Tuzantán;20386;16287;4058
7104;Tzimol;10539;7508;3021
7105;Unión Juárez;12348;9824;2501
7106;Venustiano Carranza;45699;30913;14672
7107;Villa Corzo;59758;43802;15875
7108;Villaflores;75414;59317;15951
7109;Yajalón;21612;14015;7519
7110;San Lucas;4764;3028;1727
7111;Zinacantán;24744;11935;12728
7112;San Juan Cancuc;16125;7750;8084
7113;Aldama;2507;1117;1379
7114;Benemérito de las Américas;11981;8045;3885
7115;Maravilla Tenejapa;8573;5432;3115
7116;Marqués de Comillas;6565;4213;2331
7117;Montecristo de Guerrero;4248;2940;1294
7118;San Andrés Duraznal;2423;1335;1076
7119;Santiago el Pinar;1385;486;894
7996;No especificado;;;
7997;Otros estados;;;
7998;Otros municipios;;;
8001;Ahumada;10300;9368;887
8002;Aldama;17141;15715;1383
8003;Allende;7656;7081;551
8004;Aquiles Serdán;4881;4539;332
8005;Ascensión;18795;17101;1603
8006;Bachíniva;5751;5277;459
8007;Balleza;14258;9216;4980
8008;Batopilas;10284;6025;4211
8009;Bocoyna;24221;19201;4966
8010;Buenaventura;17599;16142;1415
8011;Camargo;40420;37709;2597
8012;Carichí;6844;4028;2798
8013;Casas Grandes;8808;8014;763
8014;Coronado;1981;1787;192
8015;Coyame del Sotol;1514;1347;165
8016;La Cruz;3377;3115;258
8017;Cuauhtémoc;109765;102885;6621
8018;Cusihuiriachi;5168;4737;418
8019;Chihuahua;598555;568510;28313
8020;Chínipas;5832;4793;1029
8021;Delicias;103538;96983;6274
8022;Dr. Belisario Domínguez;3539;3247;275
8023;Galeana;3383;3086;288
8024;Santa Isabel;4214;3921;280
8025;Gómez Farías;7810;7285;510
8026;Gran Morelos;3509;3209;295
8027;Guachochi;34310;21560;12578
8028;Guadalupe;8602;7850;726
8029;Guadalupe y Calvo;40509;28429;11905
8030;Guazapares;6809;4639;2148
8031;Guerrero;34683;31093;3495
8032;Hidalgo del Parral;89840;84442;5230
8033;Huejotitán;1046;901;143
8034;Ignacio Zaragoza;6907;6477;411
8035;Janos;8848;8073;757
8036;Jiménez;33901;30964;2853
8037;Juárez;1002609;940610;57915
8038;Julimes;4592;4215;357
8039;López;3659;3325;326
8040;Madera;29962;26603;3293
8041;Maguarichi;1521;1087;434
8042;Manuel Benavides;1532;1359;172
8043;Matachí;2936;2673;259
8044;Matamoros;3946;3599;343
8045;Meoqui;35262;32499;2665
8046;Morelos;7953;5355;2554
8047;Moris;4514;3621;880
8048;Namiquipa;20981;19386;1544
8049;Nonoava;2601;2078;518
8050;Nuevo Casas Grandes;47859;44723;3016
8051;Ocampo;6435;5284;1142
8052;Ojinaga;21400;19643;1695
8053;Praxedis G. Guerrero;7708;7010;673
8054;Riva Palacio;8530;7910;569
8055;Rosales;13290;12186;1077
8056;Rosario;2346;2074;260
8057;San Francisco de Borja;2152;1895;253
8058;San Francisco de Conchos;2517;2330;184
8059;San Francisco del Oro;5398;5032;357
8060;Santa Bárbara;10333;9558;755
8061;Satevó;4515;4091;412
8062;Saucillo;27081;25136;1864
8063;Temósachic;6217;5335;857
8064;El Tule;1958;1707;249
8065;Urique;14781;9363;5362
8066;Uruachi;7113;5173;1931
8067;Valle de Zaragoza;4758;4298;456
8996;No especificado;;;
8997;Otros estados;;;
8998;Otros municipios;;;
9002;Azcapotzalco;400010;382638;16748
9003;Coyoacán;584044;558726;22802
9004;Cuajimalpa de Morelos;131824;123194;8232
9005;Gustavo A. Madero;1117589;1060385;55369
9006;Iztacalco;371518;353275;17027
9007;Iztapalapa;1579229;1478272;96796
9008;La Magdalena Contreras;197429;184966;12022
9009;Milpa Alta;85333;77709;7480
9010;Álvaro Obregón;618702;582970;33459
9011;Tláhuac;266287;248295;17108
9012;Tlalpan;521608;492960;27593
9013;Xochimilco;328480;306604;21040
9014;Benito Juárez;330626;323029;7033
9015;Cuauhtémoc;467176;447655;17789
9016;Miguel Hidalgo;319140;307396;10869
9017;Venustiano Carranza;419312;400894;17319
9996;No especificado;;;
9997;Otros estados;;;
10001;Canatlán;27517;25069;2344
10002;Canelas;3686;2843;837
10003;Coneto de Comonfort;3928;3442;477
10004;Cuencamé;28767;26094;2577
10005;Durango;430438;399603;29684
10006;General Simón Bolívar;9330;8073;1231
10007;Gómez Palacio;239634;222627;16248
10008;Guadalupe Victoria;28186;25712;2398
10009;Guanaceví;9368;7730;1618
10010;Hidalgo;4075;3703;369
10011;Indé;5363;4931;419
10012;Lerdo;97688;89324;8030
10013;Mapimí;19494;16975;2447
10014;Mezquital;22799;14432;8273
10015;Nazas;10924;9776;1135
10016;Nombre de Dios;15932;14380;1518
10017;Ocampo;9119;8190;899
10018;El Oro;10968;10120;807
10019;Otáez;4290;3477;803
10020;Pánuco de Coronado;11366;10288;1054
10021;Peñón Blanco;9266;8397;833
10022;Poanas;21608;19641;1929
10023;Pueblo Nuevo;37882;32236;5527
10024;Rodeo;11021;9921;1077
10025;San Bernardo;3733;3359;371
10026;San Dimas;18453;15848;2542
10027;San Juan de Guadalupe;5753;4999;734
10028;San Juan del Río;10771;9726;1019
10029;San Luis del Cordero;1804;1587;216
10030;San Pedro del Gallo;1675;1514;158
10031;Santa Clara;6108;5551;544
10032;Santiago Papasquiaro;37935;33940;3940
10033;Súchil;6393;5529;859
10034;Tamazula;22651;18208;4374
10035;Tepehuanes;11163;9728;1400
10036;Tlahualilo;17513;15836;1641
10037;Topia;7425;6199;1213
10038;Vicente Guerrero;17563;16091;1428
10039;Nuevo Ideal;22422;20252;2113
10996;No especificado;;;
10997;Otros estados;;;
10998;Otros municipios;;;
11001;Abasolo;68739;55714;12865
11002;Acámbaro;97974;82414;15276
11003;San Miguel de Allende;114950;91432;22984
11004;Apaseo el Alto;49376;39856;9363
11005;Apaseo el Grande;59496;48940;10360
11006;Atarjea;4488;3213;1252
11007;Celaya;334311;296119;37418
11008;Manuel Doblado;33313;26651;6562
11009;Comonfort;58084;45659;12242
11010;Coroneo;9128;7340;1759
11011;Cortazar;71111;60898;10013
11012;Cuerámaro;22319;18313;3936
11013;Doctor Mora;16900;12677;4117
11014;Dolores Hidalgo Cuna de la Independencia Nacional;109968;87717;21865
11015;Guanajuato;124190;110437;13329
11016;Huanímaro;17112;14467;2607
11017;Irapuato;380651;334622;44870
11018;Jaral del Progreso;27933;23698;4137
11019;Jerécuaro;47982;36422;11424
11020;León;987083;877246;107021
11021;Moroleón;42204;37201;4895
11022;Ocampo;17921;14014;3852
11023;Pénjamo;125848;103487;21998
11024;Pueblo Nuevo;9198;7632;1544
11025;Purísima del Rincón;38386;32974;5280
11026;Romita;44869;36423;8309
11027;Salamanca;199546;173187;25884
11028;Salvatierra;83629;69365;14037
11029;San Diego de la Unión;28979;22282;6585
11030;San Felipe;81059;62499;18335
11031;San Francisco del Rincón;86181;73710;12225
11032;San José Iturbide;46059;36912;8996
11033;San Luis de la Paz;82168;63915;18024
11034;Santa Catarina;3879;2884;991
11035;Santa Cruz de Juventino Rosas;57020;45924;10901
11036;Santiago Maravatío;6403;5208;1171
11037;Silao;116270;97566;18287
11038;Tarandacuao;10209;8698;1489
11039;Tarimoro;32807;26089;6662
11040;Tierra Blanca;12232;9073;3110
11041;Uriangato;46562;40440;6009
11042;Valle de Santiago;114613;96376;17988
11043;Victoria;15153;11575;3522
11044;Villagrán;39729;33797;5849
11045;Xichú;9591;6983;2528
11046;Yuriria;64327;52490;11584
11996;No especificado;;;
11997;Otros estados;;;
11998;Otros municipios;;;
12001;Acapulco de Juárez;624841;542307;80976
12002;Ahuacuotzingo;15845;8546;7233
12003;Ajuchitlán del Progreso;35292;24943;10149
12004;Alcozauca de Guerrero;12718;5632;7057
12005;Alpoyeca;5191;3833;1339
12006;Apaxtla;11371;8791;2545
12007;Arcelia;28572;22336;6169
12008;Atenango del Río;7311;5271;2025
12009;Atlamajalcingo del Monte;4214;2423;1772
12010;Atlixtac;17687;8694;8965
12011;Atoyac de Álvarez;53739;43195;10372
12012;Ayutla de los Libres;46120;29141;16815
12013;Azoyú;28113;20325;7675
12014;Benito Juárez;13757;11505;2207
12015;Buenavista de Cuéllar;10920;9105;1799
12016;Coahuayutla de José María Izazaga;13010;8685;4301
12017;Cocula;13704;10794;2883
12018;Copala;11310;8178;3103
12019;Copalillo;10683;5907;4748
12020;Copanatoyac;13018;6281;6345
12021;Coyuca de Benítez;59977;46338;13414
12022;Coyuca de Catalán;39815;28579;11080
12023;Cuajinicuilapa;21938;15313;6570
12024;Cualác;5536;3668;1847
12025;Cuautepec;13082;9249;3812
12026;Cuetzala del Progreso;8540;6262;2248
12027;Cutzamala de Pinzón;22710;15642;7023
12028;Chilapa de Álvarez;86079;49249;36504
12029;Chilpancingo de los Bravo;168966;145198;23370
12030;Florencio Villarreal;16328;11872;4399
12031;General Canuto A. Neri;6699;4998;1690
12032;General Heliodoro Castillo;29096;20140;8857
12033;Huamuxtitlán;12406;8759;3593
12034;Huitzuco de los Figueroa;30939;24346;6515
12035;Iguala de la Independencia;108903;94722;13917
12036;Igualapa;8635;5951;2657
12037;Ixcateopan de Cuauhtémoc;6127;4725;1388
12038;Zihuatanejo de Azueta;83474;71420;11815
12039;Juan R. Escudero;19076;14345;4684
12040;Leonardo Bravo;19301;13883;5359
12041;Malinaltepec;28923;19054;9793
12042;Mártir de Cuilapan;11545;6398;5134
12043;Metlatónoc;24154;7275;16759
12044;Mochitlán;8737;6523;2185
12045;Olinalá;19024;11982;6998
12046;Ometepec;42623;29370;13120
12047;Pedro Ascencio Alquisiras;6732;4764;1937
12048;Petatlán;39963;31447;8448
12049;Pilcaya;9421;7717;1695
12050;Pungarabato;30252;24819;5321
12051;Quechultenango;27266;16973;10225
12052;San Luis Acatlán;30834;19384;11316
12053;San Marcos;42133;30271;11684
12054;San Miguel Totolapan;24102;17285;6698
12055;Taxco de Alarcón;87712;73213;14338
12056;Tecoanapa;36735;26921;9740
12057;Técpan de Galeana;53086;41502;11426
12058;Teloloapan;46966;36352;10492
12059;Tepecoacuilco de Trujano;26766;19832;6858
12060;Tetipac;11460;8710;2722
12061;Tixtla de Guerrero;29291;22391;6842
12062;Tlacoachistlahuaca;13089;5749;7271
12063;Tlacoapa;7613;4833;2751
12064;Tlalchapa;11439;8551;2859
12065;Tlalixtaquilla de Maldonado;5650;3737;1896
12066;Tlapa de Comonfort;48306;33388;14699
12067;Tlapehuala;19821;14421;5340
12068;La Unión de Isidoro Montes de Oca;24097;18444;5607
12069;Xalpatláhuac;9695;4845;4834
12070;Xochihuehuetlán;6761;4580;2165
12071;Xochistlahuaca;19071;7426;11464
12072;Zapotitlán Tablas;8419;4644;3750
12073;Zirándaro;20240;13921;6248
12074;Zitlala;14548;7943;6568
12075;Eduardo Neri;34355;25509;8724
12076;Acatepec;20260;11288;8943
12077;Marquelia;;;
12078;Cochoapa el Grande;;;
12079;José Joaquín de Herrera;;;
12080;Juchitán;;;
12081;Iliatenco;;;
12996;No especificado;;;
12997;Otros estados;;;
12998;Otros municipios;;;
13001;Acatlán;16305;12514;3733
13002;Acaxochitlán;31707;21955;9641
13003;Actopan;40861;36131;4624
13004;Agua Blanca de Iturbide;7469;5516;1930
13005;Ajacuba;12918;11163;1717
13006;Alfajayucan;15248;12315;2915
13007;Almoloya;9029;7494;1496
13008;Apan;35026;30942;3998
13009;El Arenal;12531;10994;1517
13010;Atitalaquia;19224;17446;1745
13011;Atlapexco;15921;10536;5338
13012;Atotonilco el Grande;22441;18655;3721
13013;Atotonilco de Tula;21942;19877;2005
13014;Calnali;14443;10463;3948
13015;Cardonal;14926;11755;3139
13016;Cuautepec de Hinojosa;39523;32413;7009
13017;Chapantongo;10077;8408;1650
13018;Chapulhuacán;17732;12881;4825
13019;Chilcuautla;13251;10895;2292
13020;Eloxochitlán;2739;2158;574
13021;Emiliano Zapata;10881;9867;976
13022;Epazoyucan;9833;8684;1137
13023;Francisco I. Madero;25276;21967;3248
13024;Huasca de Ocampo;13443;11026;2391
13025;Huautla;20855;15373;5419
13026;Huazalingo;9624;6479;3124
13027;Huehuetla;21586;13408;8125
13028;Huejutla de Reyes;94484;68328;25858
13029;Huichapan;33780;29414;4302
13030;Ixmiquilpan;66607;56636;9754
13031;Jacala de Ledezma;11441;8974;2427
13032;Jaltocán;8886;5821;3034
13033;Juárez Hidalgo;2904;2239;650
13034;Lolotla;8710;6587;2109
13035;Metepec;8991;7511;1464
13036;San Agustín Metzquititlán;7965;6984;974
13037;Metztitlán;18426;14727;3638
13038;Mineral del Chico;6187;5048;1116
13039;Mineral del Monte;11539;10502;1015
13040;La Misión;9700;6684;2989
13041;Mixquiahuala de Juárez;31100;27778;3241
13042;Molango de Escamilla;9516;7868;1627
13043;Nicolás Flores;6061;4675;1368
13044;Nopala de Villagrán;13170;11248;1904
13045;Omitlán de Juárez;7144;6017;1093
13046;San Felipe Orizatlán;32829;22620;10111
13047;Pacula;4889;3670;1211
13048;Pachuca de Soto;220338;206848;13033
13049;Pisaflores;13829;9517;4265
13050;Progreso de Obregón;17006;15300;1663
13051;Mineral de la Reforma;37088;34762;2235
13052;San Agustín Tlaxiaca;21448;18734;2655
13053;San Bartolo Tutotepec;16211;9821;6333
13054;San Salvador;25741;22327;3368
13055;Santiago de Anaya;12081;10095;1972
13056;Santiago Tulantepec de Lugo Guerrero;23095;20584;2457
13057;Singuilucan;11806;9617;2148
13058;Tasquillo;14774;12423;2295
13059;Tecozautla;27122;21582;5474
13060;Tenango de Doria;14981;10541;4385
13061;Tepeapulco;44391;40883;3428
13062;Tepehuacán de Guerrero;22066;13928;8078
13063;Tepeji del Río de Ocampo;59532;53325;6084
13064;Tepetitlán;7614;6783;813
13065;Tetepango;7981;7019;945
13066;Villa de Tezontepec;7875;7079;784
13067;Tezontepec de Aldama;34180;29713;4393
13068;Tianguistengo;11962;7998;3919
13069;Tizayuca;40875;37763;3015
13070;Tlahuelilpan;12271;10975;1265
13071;Tlahuiltepa;9293;6982;2293
13072;Tlanalapa;8771;8044;710
13073;Tlanchinol;27839;19640;8114
13074;Tlaxcoapan;19990;18045;1913
13075;Tolcayuca;10038;8825;1182
13076;Tula de Allende;77763;71780;5783
13077;Tulancingo de Bravo;107868;95998;11630
13078;Xochiatipan;14496;8965;5479
13079;Xochicoatlán;6706;5234;1462
13080;Yahualica;17842;10456;7330
13081;Zacualtipán de Ángeles;21994;18593;3328
13082;Zapotlán de Juárez;13301;11952;1319
13083;Zempoala;21625;19003;2571
13084;Zimapán;33035;28090;4891
13996;No especificado;;;
13997;Otros estados;;;
13998;Otros municipios;;;
14001;Acatic;16598;13829;2728
14002;Acatlán de Juárez;17696;15995;1660
14003;Ahualulco de Mercado;17724;15867;1820
14004;Amacueca;4796;4184;600
14005;Amatitán;10878;9593;1240
14006;Ameca;50231;45281;4870
14007;San Juanito de Escobedo;7473;6572;887
14008;Arandas;66198;55554;10423
14009;EL Arenal;12646;11243;1370
14010;Atemajac de Brizuela;5073;4057;973
14011;Atengo;4771;4044;712
14012;Atenguillo;3860;3381;475
14013;Atotonilco el Alto;45309;38651;6565
14014;Atoyac;7668;6526;1127
14015;Autlán de Navarro;45120;40772;4269
14016;Ayotlán;30835;25247;5496
14017;Ayutla;11517;10077;1419
14018;La Barca;51930;45359;6450
14019;Bolaños;4395;3247;1120
14020;Cabo Corrientes;7982;6906;1057
14021;Casimiro Castillo;18903;16560;2301
14022;Cihuatlán;27687;24224;3393
14023;Zapotlán el Grande;77269;70033;7072
14024;Cocula;23460;20645;2772
14025;Colotlán;15263;13608;1620
14026;Concepción de Buenos Aires;4992;4218;766
14027;Cuautitlán de García Barragán;13851;10458;3340
14028;Cuautla;2199;1897;299
14029;Cuquío;15381;12790;2537
14030;Chapala;37979;34399;3478
14031;Chimaltitán;3322;2653;664
14032;Chiquilistlán;4766;3918;825
14033;Degollado;18373;15549;2772
14034;Ejutla;1905;1673;228
14035;Encarnación de Díaz;40657;34736;5830
14036;Etzatlán;15127;13564;1533
14037;El Grullo;19822;17378;2408
14038;Guachinango;4203;3597;596
14039;Guadalajara;1469366;1385034;80976
14040;Hostotipaquillo;7452;6380;1051
14041;Huejúcar;5536;4880;645
14042;Huejuquilla el Alto;7886;6547;1331
14043;La Huerta;19867;17117;2722
14044;Ixtlahuacán de los Membrillos;18681;16795;1854
14045;Ixtlahuacán del Río;17132;14647;2446
14046;Jalostotitlán;24253;21084;3114
14047;Jamay;18450;16280;2135
14048;Jesús María;17135;13995;3078
14049;Jilotlán de los Dolores;8923;6722;2182
14050;Jocotepec;30909;26889;3923
14051;Juanacatlán;10236;9207;1014
14052;Juchitlán;5155;4587;563
14053;Lagos de Moreno;111326;94969;16051
14054;El Limón;5377;4777;592
14055;Magdalena;15786;14046;1712
14056;Santa María del Oro;2404;1728;659
14057;La Manzanilla de la Paz;3339;2930;402
14058;Mascota;12180;10975;1177
14059;Mazamitla;9652;8368;1266
14060;Mexticacán;6155;5324;822
14061;Mezquitic;11817;7554;4222
14062;Mixtlán;3479;3076;401
14063;Ocotlán;73878;66593;7193
14064;Ojuelos de Jalisco;23096;19158;3870
14065;Pihuamo;12478;10180;2277
14066;Poncitlán;34891;29787;5021
14067;Puerto Vallarta;159080;146731;11767
14068;Villa Purificación;10683;8702;1948
14069;Quitupan;9999;7807;2161
14070;El Salto;71137;62967;7977
14071;San Cristóbal de la Barranca;3763;3200;557
14072;San Diego de Alejandría;5590;4729;848
14073;San Juan de los Lagos;48119;41809;6200
14074;San Julián;13132;11649;1450
14075;San Marcos;3037;2649;374
14076;San Martín de Bolaños;3419;2901;506
14077;San Martín Hidalgo;24147;21847;2257
14078;San Miguel el Alto;24200;20701;3406
14079;Gómez Farías;11167;9312;1821
14080;San Sebastián del Oeste;5789;4969;805
14081;Santa María de los Ángeles;3671;3125;544
14082;Sayula;27251;24669;2519
14083;Tala;46398;40793;5508
14084;Talpa de Allende;11863;10327;1501
14085;Tamazula de Gordiano;36405;30869;5440
14086;Tapalpa;13259;10909;2310
14087;Tecalitlán;15833;13279;2502
14088;Tecolotlán;14175;12572;1588
14089;Techaluta de Montenegro;2827;2536;286
14090;Tenamaxtlán;6344;5615;711
14091;Teocaltiche;33302;28784;4427
14092;Teocuitatlán de Corona;10477;9187;1274
14093;Tepatitlán de Morelos;103766;90627;12943
14094;Tequila;30449;26943;3421
14095;Teuchitlán;7365;6484;870
14096;Tizapán el Alto;17032;14447;2539
14097;Tlajomulco de Zúñiga;106057;94030;11727
14098;Tlaquepaque;409667;371378;37045
14099;Tolimán;8063;6522;1521
14100;Tomatlán;29862;25516;4289
14101;Tonalá;289266;261270;27131
14102;Tonaya;5333;4659;671
14103;Tonila;6539;5680;844
14104;Totatiche;4522;3970;540
14105;Tototlán;17593;15004;2558
14106;Tuxcacuesco;3616;2949;663
14107;Tuxcueca;5371;4748;606
14108;Tuxpan;29500;26132;3335
14109;Unión de San Antonio;13597;11190;2365
14110;Unión de Tula;12521;11309;1170
14111;Valle de Guadalupe;5222;4560;655
14112;Valle de Juárez;5014;4319;682
14113;San Gabriel;12192;10515;1656
14114;Villa Corona;14067;12384;1648
14115;Villa Guerrero;5088;4184;895
14116;Villa Hidalgo;13244;11718;1481
14117;Cañadas de Obregón;3905;3269;632
14118;Yahualica de González Gallo;21053;18288;2712
14119;Zacoalco de Torres;22734;20295;2394
14120;Zapopan;877848;818075;57667
14121;Zapotiltic;25674;22788;2837
14122;Zapotitlán de Vadillo;5636;4679;945
14123;Zapotlán del Rey;13547;11433;2093
14124;Zapotlanejo;46372;39825;6438
14125;San Ignacio Cerro Gordo;;;
14996;No especificado;;;
14997;Otros estados;;;
14998;Otros municipios;;;
15001;Acambay de Ruíz Castañeda;46070;36919;8998
15002;Acolman;52235;48490;3413
15003;Aculco;31324;25707;5565
15004;Almoloya de Alquisiras;12000;9843;2122
15005;Almoloya de Juárez;91592;75938;15399
15006;Almoloya del Río;7356;6693;643
15007;Amanalco;17342;13358;3944
15008;Amatepec;24121;18565;5469
15009;Amecameca;38685;35536;3007
15010;Apaxco;20282;18258;1980
15011;Atenco;29452;27319;2062
15012;Atizapán;6780;6120;632
15013;Atizapán de Zaragoza;403106;379163;22858
15014;Atlacomulco;62489;53420;8926
15015;Atlautla;21027;18168;2814
15016;Axapusco;16819;14905;1857
15017;Ayapango;4906;4483;421
15018;Calimaya;29984;26703;3192
15019;Capulhuac;24408;22552;1761
15020;Coacalco de Berriozábal;210578;203166;7078
15021;Coatepec Harinas;27788;22004;5694
15022;Cocotitlán;8843;8217;609
15023;Coyotepec;30150;27193;2839
15024;Cuautitlán;61770;58447;3167
15025;Chalco;178378;160898;16981
15026;Chapa de Mota;18887;15490;3317
15027;Chapultepec;4789;4411;371
15028;Chiautla;16800;15596;1181
15029;Chicoloapan;66199;60848;5174
15030;Chiconcuac;15067;14141;881
15031;Chimalhuacán;412674;372729;38851
15032;Donato Guerra;22689;16273;6344
15033;Ecatepec de Morelos;1385568;1298871;83256
15034;Ecatzingo;6496;5546;913
15035;Huehuetoca;32703;30162;2435
15036;Hueypoxtla;28651;24689;3903
15037;Huixquilucan;164387;153320;10372
15038;Isidro Fabela;6638;5844;777
15039;Ixtapaluca;236734;217965;18114
15040;Ixtapan de la Sal;24405;20717;3518
15041;Ixtapan del Oro;5103;3959;1137
15042;Ixtlahuaca;97195;80648;16161
15043;Xalatlaco;15712;14015;1638
15044;Jaltenco;26410;24966;1382
15045;Jilotepec;56871;49262;7462
15046;Jilotzingo;12358;10922;1415
15047;Jiquipilco;45891;37153;8569
15048;Jocotitlán;43600;38410;5087
15049;Joquicingo;8972;7866;1075
15050;Juchitepec;16126;14052;1995
15051;Lerma;83686;75846;7628
15052;Malinalco;17362;14286;3023
15053;Melchor Ocampo;32495;30077;2353
15054;Metepec;168021;160001;7604
15055;Mexicaltzingo;7846;7190;632
15056;Morelos;20788;15739;4986
15057;Naucalpan de Juárez;746788;700348;44383
15058;Nezahualcóyotl;1073678;1009496;61500
15059;Nextlalpan;16155;14858;1267
15060;Nicolás Romero;229474;211297;17482
15061;Nopaltepec;6250;5572;657
15062;Ocoyoacac;42317;38918;3261
15063;Ocuilan;21232;18064;3121
15064;El Oro;24247;20070;4096
15065;Otumba;24266;21726;2475
15066;Otzoloapan;4198;3225;958
15067;Otzolotepec;48245;41025;7061
15068;Ozumba;19731;17848;1853
15069;Papalotla;2933;2735;193
15070;La Paz;179285;165466;13345
15071;Polotitlán;9375;8325;1019
15072;Rayón;7845;7085;736
15073;San Antonio la Isla;8730;7895;791
15074;San Felipe del Progreso;144571;106974;37063
15075;San Martín de las Pirámides;16497;15072;1388
15076;San Mateo Atenco;50249;46105;3982
15077;San Simón de Guerrero;4242;3386;841
15078;Santo Tomás;7059;5680;1352
15079;Soyaniquilpan de Juárez;8307;7464;825
15080;Sultepec;21975;15846;6019
15081;Tecámac;145242;134835;9918
15082;Tejupilco;75881;58045;17531
15083;Temamatla;7234;6641;555
15084;Temascalapa;24435;21851;2509
15085;Temascalcingo;49706;39946;9619
15086;Temascaltepec;25131;20395;4636
15087;Temoaya;57473;47338;9988
15088;Tenancingo;65276;57029;8054
15089;Tenango del Aire;7146;6556;567
15090;Tenango del Valle;54175;46586;7419
15091;Teoloyucan;56118;51407;4518
15092;Teotihuacán;37807;34937;2733
15093;Tepetlaoxtoc;19002;17288;1661
15094;Tepetlixpa;14082;12569;1461
15095;Tepotzotlán;52825;48683;4022
15096;Tequixquiac;24048;22041;1952
15097;Texcaltitlán;13103;10670;2349
15098;Texcalyacac;3257;3058;183
15099;Texcoco;174070;161908;11692
15100;Tezoyuca;16061;14949;1038
15101;Tianguistenco;48509;43905;4478
15102;Timilpan;11610;9856;1731
15103;Tlalmanalco;36133;33768;2245
15104;Tlalnepantla de Baz;634226;598998;33642
15105;Tlatlaya;29159;22084;6958
15106;Toluca;565998;520109;44236
15107;Tonatico;9420;8330;1072
15108;Tultepec;78133;72742;5147
15109;Tultitlán;358847;338250;19668
15110;Valle de Bravo;44443;38208;6059
15111;Villa de Allende;33199;25460;7637
15112;Villa del Carbón;30438;24345;5981
15113;Villa Guerrero;41442;34746;6499
15114;Villa Victoria;60309;44153;15960
15115;Xonacatlán;35435;31542;3827
15116;Zacazonapan;3072;2416;653
15117;Zacualpan;12673;9920;2720
15118;Zinacantepec;102768;90302;12205
15119;Zumpahuacán;12632;9726;2846
15120;Zumpango;84962;77057;7755
15121;Cuautitlán Izcalli;390837;373740;16376
15122;Valle de Chalco Solidaridad;274942;248049;26034
15123;Luvianos;;;
15124;San José del Rincón;;;
15125;Tonanitla;;;
15996;No especificado;;;
15997;Otros estados;;;
15998;Otros municipios;;;
16001;Acuitzio;8681;7153;1492
16002;Aguililla;16864;12474;4352
16003;Álvaro Obregón;17046;14004;2979
16004;Angamacutiro;13276;11225;2004
16005;Angangueo;9058;7659;1392
16006;Apatzingán;101449;82946;18199
16007;Aporo;2426;1973;449
16008;Aquila;18970;14413;4451
16009;Ario;26754;21577;5073
16010;Arteaga;20012;14895;5004
16011;Briseñas;8485;7198;1273
16012;Buenavista;33133;25595;7415
16013;Carácuaro;8842;6230;2590
16014;Coahuayana;12270;9961;2283
16015;Coalcomán de Vázquez Pallares;18527;14495;3956
16016;Coeneo;20559;17042;3444
16017;Contepec;26088;20522;5476
16018;Copándaro;7993;6507;1469
16019;Cotija;18480;14894;3546
16020;Cuitzeo;22914;18524;4324
16021;Charapan;9543;6634;2855
16022;Charo;16808;14148;2609
16023;Chavinda;9500;7972;1506
16024;Cherán;14161;11067;2960
16025;Chilchota;26695;20883;5703
16026;Chinicuila;5927;4656;1240
16027;Chucándiro;6613;5406;1184
16028;Churintzio;6297;5614;668
16029;Churumuco;12590;9111;3437
16030;Ecuandureo;13134;11039;2069
16031;Epitacio Huerta;13919;10852;3039
16032;Erongarícuaro;11617;9368;2229
16033;Gabriel Zamora;17385;13417;3922
16034;Hidalgo;91942;75272;16328
16035;La Huacana;29827;22116;7623
16036;Huandacareo;10478;8575;1892
16037;Huaniqueo;8983;7516;1449
16038;Huetamo;39831;29976;9726
16039;Huiramba;5777;4818;951
16040;Indaparapeo;14118;11443;2622
16041;Irimbo;11510;9310;2185
16042;Ixtlán;12689;10368;2273
16043;Jacona;46641;38991;7493
16044;Jiménez;12839;10989;1795
16045;Jiquilpan;32197;27958;4126
16046;Juárez;10172;8091;2044
16047;Jungapeo;16149;13075;3006
16048;Lagunillas;4514;3726;781
16049;Madero;14190;10364;3770
16050;Maravatío;59793;48156;11423
16051;Marcos Castellanos;9915;8785;1104
16052;Lázaro Cárdenas;148973;129524;18921
16053;Morelia;551406;504274;45428
16054;Morelos;9555;8175;1358
16055;Múgica;37326;29594;7574
16056;Nahuatzen;20247;15017;5139
16057;Nocupétaro;7511;5103;2344
16058;Nuevo Parangaricutiro;13155;11134;1978
16059;Nuevo Urecho;7635;5898;1715
16060;Numarán;8566;7296;1247
16061;Ocampo;15964;12614;3295
16062;Pajacuarán;17128;13639;3420
16063;Panindícuaro;16120;13208;2827
16064;Parácuaro;20608;16022;4513
16065;Paracho;26978;21319;5505
16066;Pátzcuaro;67735;57109;10412
16067;Penjamillo;17639;14699;2906
16068;Peribán;17583;14855;2659
16069;La Piedad;74047;65199;8567
16070;Purépero;13801;12379;1401
16071;Puruándiro;61947;51533;10255
16072;Queréndaro;11742;9795;1899
16073;Quiroga;21073;16981;4021
16074;Cojumatlán de Régules;8773;6907;1844
16075;Los Reyes;49900;41097;8677
16076;Sahuayo;53374;46039;7202
16077;San Lucas;17161;12630;4450
16078;Santa Ana Maya;12279;10066;2162
16079;Salvador Escalante;33208;26579;6496
16080;Senguio;14764;11546;3182
16081;Susupuato;7822;5304;2501
16082;Tacámbaro;51268;40448;10623
16083;Tancítaro;21866;16897;4898
16084;Tangamandapio;22562;17067;5416
16085;Tangancícuaro;28611;23170;5362
16086;Tanhuato;12664;10714;1929
16087;Taretan;11560;9632;1898
16088;Tarímbaro;34391;28256;6058
16089;Tepalcatepec;21120;17184;3873
16090;Tingambato;10278;8560;1679
16091;Tingüindín;11318;9656;1644
16092;Tiquicheo de Nicolás Romero;14147;9577;4542
16093;Tlalpujahua;21983;17839;4083
16094;Tlazazalca;7809;6422;1375
16095;Tocumbo;9994;8352;1622
16096;Tumbiscatío;8565;5528;3001
16097;Turicato;30984;21078;9782
16098;Tuxpan;20740;17477;3218
16099;Tuzantla;15632;11103;4481
16100;Tzintzuntzan;10845;8904;1898
16101;Tzitzio;9477;6703;2747
16102;Uruapan;231456;201193;29580
16103;Venustiano Carranza;19879;16680;3163
16104;Villamar;18049;14669;3320
16105;Vista Hermosa;15639;13231;2386
16106;Yurécuaro;23239;19638;3546
16107;Zacapu;61578;54741;6652
16108;Zamora;141214;122978;17881
16109;Zináparo;3628;3175;450
16110;Zinapécuaro;42780;35600;7071
16111;Ziracuaretiro;10977;9053;1898
16112;Zitácuaro;119999;99051;20447
16113;José Sixto Verduzco;23504;19657;3765
16996;No especificado;;;
16997;Otros estados;;;
16998;Otros municipios;;;
17001;Amacuzac;14064;11708;2301
17002;Atlatlahucan;11573;10180;1298
17003;Axochiapan;25994;20526;5402
17004;Ayala;59141;48809;10133
17005;Coatlán del Río;8013;6648;1342
17006;Cuautla;132264;117284;14579
17007;Cuernavaca;294936;273258;20986
17008;Emiliano Zapata;48364;41654;6508
17009;Huitzilac;12656;11347;1246
17010;Jantetelco;11770;10012;1730
17011;Jiutepec;146633;132547;13709
17012;Jojutla;46250;40497;5604
17013;Jonacatepec;11803;10099;1679
17014;Mazatepec;7625;6421;1193
17015;Miacatlán;20513;16622;3865
17016;Ocuituco;12894;10801;2056
17017;Puente de Ixtla;46529;38830;7462
17018;Temixco;79420;68111;10968
17019;Tepalcingo;20781;17110;3612
17020;Tepoztlán;28051;25302;2645
17021;Tetecala;5897;4947;928
17022;Tetela del Volcán;13843;11569;2235
17023;Tlalnepantla;4864;4238;619
17024;Tlaltizapán de Zapata;38570;32823;5656
17025;Tlaquiltenango;25792;21939;3760
17026;Tlayacapan;11858;10120;1712
17027;Totolapan;7488;6432;1047
17028;Xochitepec;38547;32633;5853
17029;Yautepec;71018;61926;8945
17030;Yecapixtla;31157;26680;4387
17031;Zacatepec;29311;26403;2841
17032;Zacualpan;6846;6033;806
17033;Temoac;10427;8691;1700
17996;No especificado;;;
17997;Otros estados;;;
17998;Otros municipios;;;
18001;Acaponeta;32425;28248;4095
18002;Ahuacatlán;13782;12198;1568
18003;Amatlán de Cañas;10835;9340;1480
18004;Compostela;58355;51208;6994
18005;Huajicori;8850;6930;1905
18006;Ixtlán del Río;22531;20102;2362
18007;Jala;14222;12403;1773
18008;Xalisco;33078;29656;3294
18009;Del Nayar;21948;12157;9676
18010;Rosamorada;30587;26234;4266
18011;Ruíz;18985;15980;2940
18012;San Blas;38034;33177;4761
18013;San Pedro Lagunillas;6965;6124;833
18014;Santa María del Oro;18538;15709;2773
18015;Santiago Ixcuintla;84629;73760;10670
18016;Tecuala;37830;32810;4889
18017;Tepic;272398;252473;19329
18018;Tuxpan;27916;24796;3032
18019;La Yesca;10986;8597;2366
18020;Bahía de Banderas;52369;46505;5702
18996;No especificado;;;
18997;Otros estados;;;
18998;Otros municipios;;;
19001;Abasolo;2178;1970;190
19002;Agualeguas;3801;3511;284
19003;Los Aldamas;2067;1926;140
19004;Allende;24249;22581;1551
19005;Anáhuac;16005;14447;1514
19006;Apodaca;242674;227106;14801
19007;Aramberri;13041;11011;2002
19008;Bustamante;3007;2738;265
19009;Cadereyta Jiménez;66219;61719;4215
19010;Carmen;5725;5255;458
19011;Cerralvo;8289;7618;633
19012;Ciénega de Flores;9435;8573;825
19013;China;10068;9207;838
19014;Dr. Arroyo;29387;24191;5144
19015;Dr. Coss;1907;1746;157
19016;Dr. González;2693;2412;272
19017;Galeana;34498;29787;4650
19018;García;24557;21762;2721
19019;San Pedro Garza García;111692;107224;4036
19020;Gral. Bravo;5018;4582;420
19021;Gral. Escobedo;199800;184766;14262
19022;Gral. Terán;13769;12621;1124
19023;Gral. Treviño;1489;1369;115
19024;Gral. Zaragoza;4814;4121;684
19025;Gral. Zuazua;5206;4650;544
19026;Guadalupe;595706;563654;30298
19027;Los Herreras;2455;2282;167
19028;Higueras;1184;1058;121
19029;Hualahuises;5651;5237;404
19030;Iturbide;3004;2609;381
19031;Juárez;55977;51078;4690
19032;Lampazos de Naranjo;4595;4127;462
19033;Linares;61231;56894;4167
19034;Marín;4067;3673;383
19035;Melchor Ocampo;1068;1012;55
19036;Mier y Noriega;6147;4852;1265
19037;Mina;4325;3796;519
19038;Montemorelos;46739;43601;2982
19039;Monterrey;997223;942143;52398
19040;Parás;1046;955;88
19041;Pesquería;9679;8789;871
19042;Los Ramones;5385;4927;441
19043;Rayones;2237;1883;347
19044;Sabinas Hidalgo;28387;26513;1837
19045;Salinas Victoria;16220;14781;1378
19046;San Nicolás de los Garza;448502;429771;16659
19047;Hidalgo;12506;11518;956
19048;Santa Catarina;199125;186003;12462
19049;Santiago;32414;30304;1951
19050;Vallecillo;1856;1680;174
19051;Villaldama;3708;3446;257
19996;No especificado;;;
19997;Otros estados;;;
19998;Otros municipios;;;
20001;Abejones;1329;998;329
20002;Acatlán de Pérez Figueroa;39338;30348;8840
20003;Asunción Cacalotepec;2263;1385;874
20004;Asunción Cuyotepeji;765;621;143
20005;Asunción Ixtaltepec;13066;10259;2785
20006;Asunción Nochixtlán;12089;10267;1804
20007;Asunción Ocotlán;3290;2264;986
20008;Asunción Tlacolulita;595;494;101
20009;Ayotzintepec;4777;3547;1219
20010;El Barrio de la Soledad;12030;10468;1522
20011;Calihualá;1135;733;401
20012;Candelaria Loxicha;8121;5326;2775
20013;Ciénega de Zimatlán;2660;2233;425
20014;Ciudad Ixtepec;20448;17552;2849
20015;Coatecas Altas;5077;2878;2148
20016;Coicoyán de las Flores;4637;1344;3280
20017;La Compañía;3511;2621;863
20018;Concepción Buenavista;828;673;154
20019;Concepción Pápalo;2766;2110;648
20020;Constancia del Rosario;2706;1529;1168
20021;Cosolapa;12722;10029;2668
20022;Cosoltepec;853;756;96
20023;Cuilápam de Guerrero;11360;9985;1348
20024;Cuyamecalco Villa de Zaragoza;3783;2208;1567
20025;Chahuites;8695;6837;1839
20026;Chalcatongo de Hidalgo;6945;5458;1462
20027;Chiquihuitlán de Benito Juárez;2248;1323;923
20028;Heroica Ciudad de Ejutla de Crespo;15606;11816;3740
20029;Eloxochitlán de Flores Magón;3559;1776;1769
20030;El Espinal;7017;6182;830
20031;Tamazulápam del Espíritu Santo;5827;3667;2154
20032;Fresnillo de Trujano;1006;715;289
20033;Guadalupe Etla;1780;1622;150
20034;Guadalupe de Ramírez;1217;974;239
20035;Guelatao de Juárez;688;649;38
20036;Guevea de Humboldt;4825;3686;1117
20037;Mesones Hidalgo;3629;2327;1286
20038;Villa Hidalgo;1894;1317;574
20039;Heroica Ciudad de Huajuapan de León;47174;41001;6037
20040;Huautepec;5603;2474;3100
20041;Huautla de Jiménez;27324;15115;12131
20042;Ixtlán de Juárez;6373;5496;860
20043;Heroica Ciudad de Juchitán de Zaragoza;70095;55175;14761
20044;Loma Bonita;35891;28656;7161
20045;Magdalena Apasco;3491;3203;281
20046;Magdalena Jaltepec;3336;2715;602
20047;Santa Magdalena Jicotlán;95;77;18
20048;Magdalena Mixtepec;780;481;298
20049;Magdalena Ocotlán;918;749;166
20050;Magdalena Peñasco;3014;1860;1149
20051;Magdalena Teitipac;3116;1861;1248
20052;Magdalena Tequisistlán;5310;4350;925
20053;Magdalena Tlacotepec;1048;804;244
20054;Magdalena Zahuatlán;382;297;84
20055;Mariscala de Juárez;2916;2261;651
20056;Mártires de Tacubaya;1120;868;250
20057;Matías Romero Avendaño;36151;29645;6438
20058;Mazatlán Villa de Flores;12173;7323;4759
20059;Miahuatlán de Porfirio Díaz;28329;22179;6060
20060;Mixistlán de la Reforma;2335;1650;685
20061;Monjas;2161;1406;729
20062;Natividad;527;472;55
20063;Nazareno Etla;3023;2827;187
20064;Nejapa de Madero;6762;5750;998
20065;Ixpantepec Nieves;1646;1058;586
20066;Santiago Niltepec;4798;3669;1122
20067;Oaxaca de Juárez;230759;212642;17723
20068;Ocotlán de Morelos;16086;13481;2525
20069;La Pe;1734;1260;467
20070;Pinotepa de Don Luis;5440;3720;1671
20071;Pluma Hidalgo;3258;2233;1021
20072;San José del Progreso;4868;3608;1244
20073;Putla Villa de Guerrero;23205;18315;4800
20074;Santa Catarina Quioquitani;361;287;70
20075;Reforma de Pineda;2442;1942;494
20076;La Reforma;2964;2365;589
20077;Reyes Etla;2224;2016;205
20078;Rojas de Cuauhtémoc;965;879;84
20079;Salina Cruz;68640;61662;6811
20080;San Agustín Amatengo;1622;1147;473
20081;San Agustín Atenango;2049;1415;632
20082;San Agustín Chayuco;4004;3041;878
20083;San Agustín de las Juntas;4370;3860;497
20084;San Agustín Etla;2910;2693;210
20085;San Agustín Loxicha;19065;11979;7022
20086;San Agustín Tlacotepec;664;494;168
20087;San Agustín Yatareni;2998;2612;383
20088;San Andrés Cabecera Nueva;2708;2086;614
20089;San Andrés Dinicuiti;1908;1488;417
20090;San Andrés Huaxpaltepec;4920;3771;1141
20091;San Andrés Huayápam;3552;3281;260
20092;San Andrés Ixtlahuaca;1245;1026;216
20093;San Andrés Lagunas;500;414;82
20094;San Andrés Nuxiño;1817;1508;304
20095;San Andrés Paxtlán;3217;2025;1180
20096;San Andrés Sinaxtla;613;538;75
20097;San Andrés Solaga;1495;1242;245
20098;San Andrés Teotilálpam;3691;2575;1108
20099;San Andrés Tepetlapa;471;296;175
20100;San Andrés Yaá;478;288;188
20101;San Andrés Zabache;805;499;304
20102;San Andrés Zautla;2786;2531;250
20103;San Antonino Castillo Velasco;4404;3581;807
20104;San Antonino el Alto;1630;1183;440
20105;San Antonino Monte Verde;5217;3936;1269
20106;San Antonio Acutla;300;225;75
20107;San Antonio de la Cal;13366;11566;1777
20108;San Antonio Huitepec;3730;2865;860
20109;San Antonio Nanahuatípam;1176;981;193
20110;San Antonio Sinicahua;1184;694;489
20111;San Antonio Tepetlapa;3302;2355;922
20112;San Baltazar Chichicápam;2683;1906;762
20113;San Baltazar Loxicha;2474;1917;555
20114;San Baltazar Yatzachi el Bajo;722;516;204
20115;San Bartolo Coyotepec;4295;3831;454
20116;San Bartolomé Ayautla;3292;1494;1785
20117;San Bartolomé Loxicha;2193;1523;664
20118;San Bartolomé Quialana;2391;1690;690
20119;San Bartolomé Yucuañe;463;335;127
20120;San Bartolomé Zoogocho;600;516;78
20121;San Bartolo Soyaltepec;742;577;165
20122;San Bartolo Yautepec;687;608;78
20123;San Bernardo Mixtepec;2357;1749;602
20124;San Blas Atempa;13949;8362;5549
20125;San Carlos Yautepec;9392;7316;2023
20126;San Cristóbal Amatlán;3608;2191;1407
20127;San Cristóbal Amoltepec;1029;742;281
20128;San Cristóbal Lachirioag;1159;839;320
20129;San Cristóbal Suchixtlahuaca;311;291;20
20130;San Dionisio del Mar;4325;3110;1209
20131;San Dionisio Ocotepec;8602;5829;2761
20132;San Dionisio Ocotlán;931;819;112
20133;San Esteban Atatlahuca;2957;2235;710
20134;San Felipe Jalapa de Díaz;19694;11932;7665
20135;San Felipe Tejalápam;5408;4383;1003
20136;San Felipe Usila;10144;7248;2872
20137;San Francisco Cahuacuá;2805;2270;520
20138;San Francisco Cajonos;427;342;77
20139;San Francisco Chapulapa;1643;962;673
20140;San Francisco Chindúa;683;599;83
20141;San Francisco del Mar;5001;3866;1117
20142;San Francisco Huehuetlán;1253;674;576
20143;San Francisco Ixhuatán;8254;6504;1719
20144;San Francisco Jaltepetongo;1077;881;196
20145;San Francisco Lachigoló;1616;1410;201
20146;San Francisco Logueche;1567;1045;514
20147;San Francisco Nuxaño;383;311;71
20148;San Francisco Ozolotepec;1740;1098;618
20149;San Francisco Sola;1079;821;255
20150;San Francisco Telixtlahuaca;8444;7441;979
20151;San Francisco Teopan;392;295;97
20152;San Francisco Tlapancingo;1728;958;766
20153;San Gabriel Mixtepec;3398;2644;747
20154;San Ildefonso Amatlán;1690;1278;409
20155;San Ildefonso Sola;718;515;194
20156;San Ildefonso Villa Alta;2924;2410;508
20157;San Jacinto Amilpas;7361;6670;668
20158;San Jacinto Tlacotepec;2011;1435;574
20159;San Jerónimo Coatlán;4355;3177;1154
20160;San Jerónimo Silacayoapilla;1689;1402;282
20161;San Jerónimo Sosola;2394;2015;372
20162;San Jerónimo Taviche;1300;995;302
20163;San Jerónimo Tecóatl;1489;913;571
20164;San Jorge Nuchita;2846;1847;968
20165;San José Ayuquila;1144;870;269
20166;San José Chiltepec;8667;6679;1973
20167;San José del Peñasco;1671;1373;293
20168;San José Estancia Grande;789;546;241
20169;San José Independencia;3903;2307;1572
20170;San José Lachiguiri;2677;1506;1164
20171;San José Tenango;17213;9444;7676
20172;San Juan Achiutla;486;415;70
20173;San Juan Atepec;1427;1134;287
20174;Ánimas Trujano;2578;2357;219
20175;San Juan Bautista Atatlahuca;1501;1113;382
20176;San Juan Bautista Coixtlahuaca;2838;2462;373
20177;San Juan Bautista Cuicatlán;8184;6836;1336
20178;San Juan Bautista Guelache;3174;2869;301
20179;San Juan Bautista Jayacatlán;1117;919;193
20180;San Juan Bautista Lo de Soto;2018;1543;460
20181;San Juan Bautista Suchitepec;395;324;71
20182;San Juan Bautista Tlacoatzintepec;1932;1233;695
20183;San Juan Bautista Tlachichilco;1276;934;342
20184;San Juan Bautista Tuxtepec;118341;100273;17845
20185;San Juan Cacahuatepec;6523;5199;1291
20186;San Juan Cieneguilla;578;442;135
20187;San Juan Coatzóspam;2197;1327;858
20188;San Juan Colorado;7390;4883;2487
20189;San Juan Comaltepec;1974;1381;585
20190;San Juan Cotzocón;19013;14126;4820
20191;San Juan Chicomezúchil;347;312;35
20192;San Juan Chilateca;1226;1112;111
20193;San Juan del Estado;2044;1745;296
20194;San Juan del Río;1222;937;283
20195;San Juan Diuxi;1325;866;458
20196;San Juan Evangelista Analco;387;337;48
20197;San Juan Guelavía;2702;2162;530
20198;San Juan Guichicovi;24184;14352;9726
20199;San Juan Ihualtepec;715;496;219
20200;San Juan Juquila Mixes;3093;1667;1420
20201;San Juan Juquila Vijanos;1565;1162;401
20202;San Juan Lachao;3700;2650;1037
20203;San Juan Lachigalla;2690;1902;781
20204;San Juan Lajarcia;618;539;79
20205;San Juan Lalana;14233;9689;4505
20206;San Juan de los Cués;1949;1619;325
20207;San Juan Mazatlán;14618;9893;4678
20208;San Juan Mixtepec -Dto. 08 -;8452;5068;3350
20209;San Juan Mixtepec -Dto. 26 -;849;559;288
20210;San Juan Ñumí;5974;4416;1540
20211;San Juan Ozolotepec;2656;1769;872
20212;San Juan Petlapa;2153;1379;771
20213;San Juan Quiahije;3223;1852;1363
20214;San Juan Quiotepec;2239;1539;697
20215;San Juan Sayultepec;614;564;49
20216;San Juan Tabaá;1021;859;162
20217;San Juan Tamazola;2975;2346;626
20218;San Juan Teita;526;395;127
20219;San Juan Teitipac;2544;1797;743
20220;San Juan Tepeuxila;2620;2162;448
20221;San Juan Teposcolula;1290;1092;198
20222;San Juan Yaeé;1390;1148;240
20223;San Juan Yatzona;434;355;79
20224;San Juan Yucuita;656;587;69
20225;San Lorenzo;4687;2983;1681
20226;San Lorenzo Albarradas;2294;1894;392
20227;San Lorenzo Cacaotepec;8923;8197;702
20228;San Lorenzo Cuaunecuiltitla;649;363;284
20229;San Lorenzo Texmelúcan;4709;2323;2376
20230;San Lorenzo Victoria;1056;836;220
20231;San Lucas Camotlán;2640;1514;1115
20232;San Lucas Ojitlán;17528;12823;4615
20233;San Lucas Quiaviní;1717;1036;677
20234;San Lucas Zoquiápam;6205;3839;2310
20235;San Luis Amatlán;3209;2145;1058
20236;San Marcial Ozolotepec;1498;971;518
20237;San Marcos Arteaga;2044;1638;396
20238;San Martín de los Cansecos;706;585;118
20239;San Martín Huamelúlpam;967;842;121
20240;San Martín Itunyoso;2207;1081;1118
20241;San Martín Lachilá;1068;785;282
20242;San Martín Peras;7096;2374;4691
20243;San Martín Tilcajete;1585;1358;227
20244;San Martín Toxpalan;2841;2251;589
20245;San Martín Zacatepec;1204;911;293
20246;San Mateo Cajonos;586;439;147
20247;Capulálpam de Méndez;1245;1147;98
20248;San Mateo del Mar;9230;6535;2628
20249;San Mateo Yoloxochitlán;2524;1770;744
20250;San Mateo Etlatongo;978;798;178
20251;San Mateo Nejápam;983;659;322
20252;San Mateo Peñasco;1605;959;646
20253;San Mateo Piñas;3665;2702;960
20254;San Mateo Río Hondo;3095;2333;759
20255;San Mateo Sindihui;1717;1121;595
20256;San Mateo Tlapiltepec;227;181;46
20257;San Melchor Betaza;1014;684;327
20258;San Miguel Achiutla;812;652;158
20259;San Miguel Ahuehuetitlán;1889;1084;804
20260;San Miguel Aloápam;2267;1608;645
20261;San Miguel Amatitlán;5166;3705;1440
20262;San Miguel Amatlán;966;856;108
20263;San Miguel Coatlán;2593;1675;912
20264;San Miguel Chicahua;1849;1323;519
20265;San Miguel Chimalapa;5182;3764;1410
20266;San Miguel del Puerto;7355;4974;2369
20267;San Miguel del Río;278;254;24
20268;San Miguel Ejutla;787;623;163
20269;San Miguel el Grande;3265;2554;695
20270;San Miguel Huautla;1475;1043;431
20271;San Miguel Mixtepec;1791;1069;716
20272;San Miguel Panixtlahuaca;5544;3308;2215
20273;San Miguel Peras;2767;1980;786
20274;San Miguel Piedras;1041;895;146
20275;San Miguel Quetzaltepec;4722;2679;2034
20276;San Miguel Santa Flor;796;399;394
20277;Villa Sola de Vega;10863;7975;2852
20278;San Miguel Soyaltepec;31522;22576;8839
20279;San Miguel Suchixtepec;2277;1610;660
20280;Villa Talea de Castro;2355;2069;275
20281;San Miguel Tecomatlán;251;214;37
20282;San Miguel Tenango;727;586;141
20283;San Miguel Tequixtepec;941;802;139
20284;San Miguel Tilquiápam;2684;1483;1180
20285;San Miguel Tlacamama;2751;2081;663
20286;San Miguel Tlacotepec;3120;2231;881
20287;San Miguel Tulancingo;394;309;85
20288;San Miguel Yotao;508;374;132
20289;San Nicolás;1023;718;301
20290;San Nicolás Hidalgo;860;659;201
20291;San Pablo Coatlán;3451;2692;736
20292;San Pablo Cuatro Venados;1099;875;219
20293;San Pablo Etla;6205;5743;451
20294;San Pablo Huitzo;4568;4156;402
20295;San Pablo Huixtepec;7630;6334;1280
20296;San Pablo Macuiltianguis;1037;829;205
20297;San Pablo Tijaltepec;2130;1473;651
20298;San Pablo Villa de Mitla;9512;7849;1654
20299;San Pablo Yaganiza;960;756;200
20300;San Pedro Amuzgos;4574;3153;1406
20301;San Pedro Apóstol;1354;1108;241
20302;San Pedro Atoyac;3223;1994;1217
20303;San Pedro Cajonos;1066;877;189
20304;San Pedro Coxcaltepec Cántaros;933;736;197
20305;San Pedro Comitancillo;3314;2822;483
20306;San Pedro el Alto;3971;2545;1415
20307;San Pedro Huamelula;8733;6821;1883
20308;San Pedro Huilotepec;2303;1778;521
20309;San Pedro Ixcatlán;9275;5993;3218
20310;San Pedro Ixtlahuaca;3134;2665;462
20311;San Pedro Jaltepetongo;591;386;204
20312;San Pedro Jicayán;8365;5707;2632
20313;San Pedro Jocotipac;909;604;300
20314;San Pedro Juchatengo;1372;1128;227
20315;San Pedro Mártir;1724;1342;376
20316;San Pedro Mártir Quiechapa;708;606;76
20317;San Pedro Mártir Yucuxaco;1355;1128;223
20318;San Pedro Mixtepec -Dto. 22 -;28415;22871;5480
20319;San Pedro Mixtepec -Dto. 26 -;1096;805;291
20320;San Pedro Molinos;576;418;158
20321;San Pedro Nopala;788;624;164
20322;San Pedro Ocopetatillo;768;368;400
20323;San Pedro Ocotepec;1516;1039;465
20324;San Pedro Pochutla;32149;24348;7717
20325;San Pedro Quiatoni;8194;5130;3054
20326;San Pedro Sochiápam;3795;2410;1363
20327;San Pedro Tapanatepec;11792;8996;2751
20328;San Pedro Taviche;885;593;291
20329;San Pedro Teozacoalco;1257;1053;204
20330;San Pedro Teutila;3584;2552;1025
20331;San Pedro Tidaá;771;583;188
20332;San Pedro Topiltepec;372;308;62
20333;San Pedro Totolápam;2416;2000;410
20334;Villa de Tututepec de Melchor Ocampo;37151;28086;8942
20335;San Pedro Yaneri;840;773;66
20336;San Pedro Yólox;2238;1636;597
20337;San Pedro y San Pablo Ayutla;4837;2742;2085
20338;Villa de Etla;6897;6278;614
20339;San Pedro y San Pablo Teposcolula;3140;2796;336
20340;San Pedro y San Pablo Tequixtepec;1853;1582;270
20341;San Pedro Yucunama;206;164;42
20342;San Raymundo Jalpan;1405;1295;110
20343;San Sebastián Abasolo;1852;1653;185
20344;San Sebastián Coatlán;2047;1602;438
20345;San Sebastián Ixcapa;3314;2528;781
20346;San Sebastián Nicananduta;1458;1070;382
20347;San Sebastián Río Hondo;2849;2250;595
20348;San Sebastián Tecomaxtlahuaca;7649;5473;2150
20349;San Sebastián Teitipac;1846;1503;336
20350;San Sebastián Tutla;14157;13386;760
20351;San Simón Almolongas;2189;1579;600
20352;San Simón Zahuatlán;1797;545;1238
20353;Santa Ana;1630;1227;399
20354;Santa Ana Ateixtlahuaca;454;247;207
20355;Santa Ana Cuauhtémoc;788;545;241
20356;Santa Ana del Valle;1918;1712;196
20357;Santa Ana Tavela;903;736;164
20358;Santa Ana Tlapacoyan;1816;1362;451
20359;Santa Ana Yareni;1004;799;201
20360;Santa Ana Zegache;3064;2328;735
20361;Santa Catalina Quierí;842;688;151
20362;Santa Catarina Cuixtla;1402;1124;268
20363;Santa Catarina Ixtepeji;2254;2020;224
20364;Santa Catarina Juquila;12064;8188;3806
20365;Santa Catarina Lachatao;1422;1270;150
20366;Santa Catarina Loxicha;3740;2603;1122
20367;Santa Catarina Mechoacán;3633;2435;1180
20368;Santa Catarina Minas;1420;1133;281
20369;Santa Catarina Quiané;1592;1292;298
20370;Santa Catarina Tayata;645;567;78
20371;Santa Catarina Ticuá;767;509;256
20372;Santa Catarina Yosonotú;1669;1129;539
20373;Santa Catarina Zapoquila;526;413;113
20374;Santa Cruz Acatepec;1088;669;413
20375;Santa Cruz Amilpas;5859;5429;423
20376;Santa Cruz de Bravo;355;265;90
20377;Santa Cruz Itundujia;9077;6874;2199
20378;Santa Cruz Mixtepec;2928;2291;630
20379;Santa Cruz Nundaco;2282;1632;645
20380;Santa Cruz Papalutla;1639;1352;285
20381;Santa Cruz Tacache de Mina;2245;1784;453
20382;Santa Cruz Tacahua;1022;787;231
20383;Santa Cruz Tayata;483;410;73
20384;Santa Cruz Xitla;3432;2316;1102
20385;Santa Cruz Xoxocotlán;46702;41450;5187
20386;Santa Cruz Zenzontepec;12458;7337;5096
20387;Santa Gertrudis;3218;2541;665
20388;Santa Inés del Monte;1868;1226;637
20389;Santa Inés Yatzeche;1044;586;455
20390;Santa Lucía del Camino;39697;36434;3198
20391;Santa Lucía Miahuatlán;2454;1053;1395
20392;Santa Lucía Monteverde;5773;3991;1771
20393;Santa Lucía Ocotlán;3116;2164;934
20394;Santa María Alotepec;2359;1634;713
20395;Santa María Apazco;2258;1433;822
20396;Santa María la Asunción;2899;979;1914
20397;Heroica Ciudad de Tlaxiaco;25556;21429;4024
20398;Ayoquezco de Aldama;5015;3822;1181
20399;Santa María Atzompa;13733;11730;1938
20400;Santa María Camotlán;1383;1102;278
20401;Santa María Colotepec;15759;12168;3550
20402;Santa María Cortijo;867;673;191
20403;Santa María Coyotepec;1464;1305;157
20404;Santa María Chachoápam;732;646;84
20405;Villa de Chilapa de Díaz;1523;1233;289
20406;Santa María Chilchotla;18488;10653;7741
20407;Santa María Chimalapa;6087;4046;2022
20408;Santa María del Rosario;374;314;59
20409;Santa María del Tule;6645;6215;418
20410;Santa María Ecatepec;2892;2441;443
20411;Santa María Guelacé;689;587;101
20412;Santa María Guienagati;2565;1892;669
20413;Santa María Huatulco;24250;19611;4524
20414;Santa María Huazolotitlán;8901;6494;2394
20415;Santa María Ipalapa;4264;3346;907
20416;Santa María Ixcatlán;549;414;134
20417;Santa María Jacatepec;8491;6129;2337
20418;Santa María Jalapa del Marqués;9301;7634;1646
20419;Santa María Jaltianguis;539;488;50
20420;Santa María Lachixío;934;611;322
20421;Santa María Mixtequilla;3660;3065;588
20422;Santa María Nativitas;664;523;141
20423;Santa María Nduayaco;546;470;75
20424;Santa María Ozolotepec;3521;2374;1142
20425;Santa María Pápalo;1871;1461;405
20426;Santa María Peñoles;5784;4094;1683
20427;Santa María Petapa;12110;9447;2643
20428;Santa María Quiegolani;1231;833;398
20429;Santa María Sola;1493;1117;373
20430;Santa María Tataltepec;253;171;82
20431;Santa María Tecomavaca;1609;1349;259
20432;Santa María Temaxcalapa;856;661;194
20433;Santa María Temaxcaltepec;1880;987;887
20434;Santa María Teopoxco;4163;2684;1453
20435;Santa María Tepantlali;2351;1154;1197
20436;Santa María Texcatitlán;1071;690;377
20437;Santa María Tlahuitoltepec;7316;4659;2618
20438;Santa María Tlalixtac;1365;776;586
20439;Santa María Tonameca;17266;11565;5625
20440;Santa María Totolapilla;899;627;270
20441;Santa María Xadani;4851;2926;1911
20442;Santa María Yalina;333;278;51
20443;Santa María Yavesía;409;363;45
20444;Santa María Yolotepec;416;336;79
20445;Santa María Yosoyúa;1039;750;283
20446;Santa María Yucuhiti;5716;4673;1018
20447;Santa María Zacatepec;13231;9768;3395
20448;Santa María Zaniza;1293;874;417
20449;Santa María Zoquitlán;3092;2489;595
20450;Santiago Amoltepec;7715;4278;3395
20451;Santiago Apoala;1243;748;493
20452;Santiago Apóstol;4183;2865;1299
20453;Santiago Astata;2286;1895;390
20454;Santiago Atitlán;2342;1484;855
20455;Santiago Ayuquililla;2073;1582;484
20456;Santiago Cacaloxtepec;1176;800;376
20457;Santiago Camotlán;2531;1888;640
20458;Santiago Comaltepec;1369;1106;261
20459;Santiago Chazumba;3882;3329;539
20460;Santiago Choápam;4161;3091;1048
20461;Santiago del Río;654;477;171
20462;Santiago Huajolotitlán;3547;3016;522
20463;Santiago Huauclilla;847;727;120
20464;Santiago Ihuitlán Plumas;529;420;108
20465;Santiago Ixcuintepec;1029;737;288
20466;Santiago Ixtayutla;8841;3903;4901
20467;Santiago Jamiltepec;15754;11841;3874
20468;Santiago Jocotepec;10654;7201;3411
20469;Santiago Juxtlahuaca;24254;16030;8062
20470;Santiago Lachiguiri;5613;4436;1161
20471;Santiago Lalopa;444;355;89
20472;Santiago Laollaga;2558;2099;448
20473;Santiago Laxopa;1270;1036;233
20474;Santiago Llano Grande;2928;2160;763
20475;Santiago Matatlán;7814;5496;2299
20476;Santiago Miltepec;357;283;74
20477;Santiago Minas;1458;1030;423
20478;Santiago Nacaltepec;2179;1823;354
20479;Santiago Nejapilla;246;198;47
20480;Santiago Nundiche;916;650;266
20481;Santiago Nuyoó;2548;1980;561
20482;Santiago Pinotepa Nacional;38405;29098;9187
20483;Santiago Suchilquitongo;7133;6324;796
20484;Santiago Tamazola;3815;2840;963
20485;Santiago Tapextla;2679;1527;1133
20486;Villa Tejúpam de la Unión;2018;1707;307
20487;Santiago Tenango;1509;1350;158
20488;Santiago Tepetlapa;133;97;36
20489;Santiago Tetepec;4285;3070;1206
20490;Santiago Texcalcingo;2269;1324;935
20491;Santiago Textitlán;2660;2149;496
20492;Santiago Tilantongo;3465;2543;917
20493;Santiago Tillo;463;410;53
20494;Santiago Tlazoyaltepec;3626;2213;1406
20495;Santiago Xanica;2783;1725;1052
20496;Santiago Xiacuí;1620;1468;150
20497;Santiago Yaitepec;2679;1096;1571
20498;Santiago Yaveo;5741;4164;1567
20499;Santiago Yolomécatl;1545;1385;146
20500;Santiago Yosondúa;6552;5136;1411
20501;Santiago Yucuyachi;1022;712;303
20502;Santiago Zacatepec;4204;2746;1441
20503;Santiago Zoochila;413;347;58
20504;Nuevo Zoquiápam;1505;1297;206
20505;Santo Domingo Ingenio;6654;5414;1226
20506;Santo Domingo Albarradas;661;478;183
20507;Santo Domingo Armenta;2813;1786;1012
20508;Santo Domingo Chihuitán;1356;1103;251
20509;Santo Domingo de Morelos;7339;3886;3444
20510;Santo Domingo Ixcatlán;804;663;139
20511;Santo Domingo Nuxaá;2907;2486;413
20512;Santo Domingo Ozolotepec;978;570;401
20513;Santo Domingo Petapa;6467;4711;1747
20514;Santo Domingo Roayaga;814;553;259
20515;Santo Domingo Tehuantepec;47518;39574;7785
20516;Santo Domingo Teojomulco;3671;2624;1041
20517;Santo Domingo Tepuxtepec;3455;1433;2019
20518;Santo Domingo Tlatayápam;147;112;34
20519;Santo Domingo Tomaltepec;2584;2286;292
20520;Santo Domingo Tonalá;6338;4650;1670
20521;Santo Domingo Tonaltepec;293;212;80
20522;Santo Domingo Xagacía;914;759;153
20523;Santo Domingo Yanhuitlán;1454;1290;162
20524;Santo Domingo Yodohino;468;367;101
20525;Santo Domingo Zanatepec;9320;7267;1996
20526;Santos Reyes Nopala;12148;7766;4349
20527;Santos Reyes Pápalo;2166;1371;793
20528;Santos Reyes Tepejillo;1310;857;445
20529;Santos Reyes Yucuná;1165;650;513
20530;Santo Tomás Jalieza;2627;2094;533
20531;Santo Tomás Mazaltepec;1738;1534;199
20532;Santo Tomás Ocotepec;3587;2532;1052
20533;Santo Tomás Tamazulapan;1491;1163;317
20534;San Vicente Coatlán;3491;2379;1094
20535;San Vicente Lachixío;2812;1883;918
20536;San Vicente Nuñú;481;426;55
20537;Silacayoápam;6869;5051;1793
20538;Sitio de Xitlapehua;542;442;98
20539;Soledad Etla;3483;3271;204
20540;Villa de Tamazulápam del Progreso;5488;4779;683
20541;Tanetze de Zaragoza;1681;1473;194
20542;Taniche;784;620;161
20543;Tataltepec de Valdés;4495;2991;1474
20544;Teococuilco de Marcos Pérez;1548;1352;192
20545;Teotitlán de Flores Magón;6586;5488;1089
20546;Teotitlán del Valle;5029;4239;782
20547;Teotongo;859;667;189
20548;Tepelmeme Villa de Morelos;1393;1153;238
20549;Tezoatlán de Segura y Luna;10736;7761;2946
20550;San Jerónimo Tlacochahuaya;4287;3660;616
20551;Tlacolula de Matamoros;12128;10238;1858
20552;Tlacotepec Plumas;461;393;68
20553;Tlalixtac de Cabrera;6022;5144;867
20554;Totontepec Villa de Morelos;4895;3309;1574
20555;Trinidad Zaachila;2518;2083;423
20556;La Trinidad Vista Hermosa;290;220;70
20557;Unión Hidalgo;10961;8822;2130
20558;Valerio Trujano;1350;1100;250
20559;San Juan Bautista Valle Nacional;19996;15223;4713
20560;Villa Díaz Ordaz;5089;4000;1065
20561;Yaxe;1948;1475;472
20562;Magdalena Yodocono de Porfirio Díaz;1159;959;199
20563;Yogana;1292;744;539
20564;Yutanduchi de Guerrero;1104;769;334
20565;Villa de Zaachila;17147;14751;2372
20566;San Mateo Yucutindó;2717;1937;771
20567;Zapotitlán Lagunas;3010;1999;1007
20568;Zapotitlán Palmas;1398;1062;326
20569;Santa Inés de Zaragoza;1744;1459;282
20570;Zimatlán de Álvarez;14947;12432;2476
20901;Silacayoapam;;;
20902;Huajuapam;;;
20903;Coixtlahuaca;;;
20904;Teotitlán;;;
20905;Cuicatlán;;;
20906;Tuxtepec;;;
20907;Choapam;;;
20908;Juxtlahuaca;;;
20909;Teposcolula;;;
20910;Nochixtlán;;;
20911;Etla;;;
20912;Benemerito Distrito de Ixtlán de Juárez;;;
20913;Villa Alta;;;
20914;Mixe;;;
20915;Putla;;;
20916;Tlaxiaco;;;
20917;Zaachila;;;
20918;Zimatlán;;;
20919;Centro;;;
20920;Tlacolula;;;
20921;Jamiltepec;;;
20922;Juquila;;;
20923;Sola de Vega;;;
20924;Ejutla;;;
20925;Ocotlán;;;
20926;Miahuatlán;;;
20927;Yautepec;;;
20928;Tehuantepec;;;
20929;Juchitán;;;
20930;Pochutla;;;
20996;No especificado;;;
20997;Otros estados;;;
21001;Acajete;41541;33148;8225
21002;Acateno;7878;6099;1767
21003;Acatlán;29183;23989;5091
21004;Acatzingo;34036;27584;6397
21005;Acteopan;2650;1776;861
21006;Ahuacatlán;11012;5960;5015
21007;Ahuatlán;3236;2363;868
21008;Ahuazotepec;7722;6379;1322
21009;Ahuehuetitla;2167;1732;428
21010;Ajalpan;40756;25917;14666
21011;Albino Zertuche;1661;1355;299
21012;Aljojuca;5728;4555;1167
21013;Altepexi;13786;10539;3204
21014;Amixtlán;4045;2433;1601
21015;Amozoc;54393;47080;7146
21016;Aquixtla;6402;4794;1595
21017;Atempan;15388;10772;4578
21018;Atexcal;3078;2470;606
21019;Atlixco;100173;86878;13063
21020;Atoyatempan;4838;4083;740
21021;Atzala;1106;892;213
21022;Atzitzihuacán;10160;8033;2109
21023;Atzitzintla;6863;4691;2150
21024;Axutla;983;715;267
21025;Ayotoxco de Guerrero;6620;5028;1579
21026;Calpan;11537;8702;2796
21027;Caltepec;4255;3423;823
21028;Camocuautla;1813;1099;709
21029;Caxhuacan;3410;2361;1042
21030;Coatepec;749;545;202
21031;Coatzingo;2878;2117;755
21032;Cohetzala;1562;1176;378
21033;Cohuecan;3966;3399;555
21034;Coronango;23692;20748;2871
21035;Coxcatlán;15983;12648;3274
21036;Coyomeapan;10408;5759;4611
21037;Coyotepec;2004;1535;463
21038;Cuapiaxtla de Madero;5501;4722;770
21039;Cuautempan;7575;5426;2114
21040;Cuautinchán;5921;4779;1138
21041;Cuautlancingo;40228;36768;3369
21042;Cuayuca de Andrade;3378;2578;784
21043;Cuetzalan del Progreso;38496;27381;10976
21044;Cuyoaco;12334;10102;2216
21045;Chalchicomula de Sesma;33462;26751;6664
21046;Chapulco;4681;3776;885
21047;Chiautla;17767;14268;3459
21048;Chiautzingo;15189;13590;1517
21049;Chiconcuautla;10434;5482;4918
21050;Chichiquila;16788;10648;6046
21051;Chietla;31218;25524;5631
21052;Chigmecatitlán;1023;696;323
21053;Chignahuapan;41771;33243;8419
21054;Chignautla;17984;13134;4780
21055;Chila;4170;3269;885
21056;Chila de la Sal;1603;1277;326
21057;Honey;6170;4274;1884
21058;Chilchotla;14740;8487;6205
21059;Chinantla;2221;1671;529
21060;Domingo Arenas;4553;3871;668
21061;Eloxochitlán;9050;5152;3860
21062;Epatlán;4086;3307;763
21063;Esperanza;11476;9162;2294
21064;Francisco Z. Mena;14300;11423;2847
21065;General Felipe Ángeles;12790;9361;3349
21066;Guadalupe;6596;4867;1686
21067;Guadalupe Victoria;12416;9408;2973
21068;Hermenegildo Galeana;6975;4346;2602
21069;Huaquechula;24314;19930;4331
21070;Huatlatlauca;6465;4379;2065
21071;Huauchinango;71353;57497;13701
21072;Huehuetla;13976;8318;5585
21073;Huehuetlán el Chico;8251;6523;1711
21074;Huejotzingo;43461;38865;4436
21075;Hueyapan;8524;6224;2283
21076;Hueytamalco;24150;18456;5641
21077;Hueytlalpan;4592;2699;1891
21078;Huitzilan de Serdán;9617;5727;3845
21079;Huitziltepec;3925;3533;380
21080;Atlequizayan;2369;1608;736
21081;Ixcamilpa de Guerrero;3868;2760;1094
21082;Ixcaquixtla;5946;5022;918
21083;Ixtacamaxtitlán;23892;17645;6161
21084;Ixtepec;5613;3478;2083
21085;Izúcar de Matamoros;59631;49811;9670
21086;Jalpan;11153;8269;2852
21087;Jolalpan;10544;7723;2752
21088;Jonotla;4352;3113;1232
21089;Jopala;11422;7560;3802
21090;Juan C. Bonilla;12402;10837;1525
21091;Juan Galindo;8068;6991;1057
21092;Juan N. Méndez;4373;3204;1150
21093;Lafragua;7714;5773;1929
21094;Libres;21786;18086;3638
21095;La Magdalena Tlatlauquitepec;640;553;87
21096;Mazapiltepec de Juárez;2049;1763;276
21097;Mixtla;1741;1540;196
21098;Molcaxac;5137;3978;1150
21099;Cañada Morelos;14825;10677;4096
21100;Naupan;8110;5371;2711
21101;Nauzontla;3163;2532;628
21102;Nealtican;8858;7401;1450
21103;Nicolás Bravo;4553;3660;886
21104;Nopalucan;16023;12435;3563
21105;Ocotepec;4219;3414;802
21106;Ocoyucan;19761;15234;4422
21107;Olintla;10789;6172;4556
21108;Oriental;11661;9491;2131
21109;Pahuatlán;15384;10311;4978
21110;Palmar de Bravo;29759;21257;8419
21111;Pantepec;16904;11632;5206
21112;Petlalcingo;8129;5918;2196
21113;Piaxtla;4866;3710;1133
21114;Puebla;1168702;1087436;78555
21115;Quecholac;32505;22912;9480
21116;Quimixtlán;16043;10596;5407
21117;Rafael Lara Grajales;12555;10863;1661
21118;Los Reyes de Juárez;17538;14648;2844
21119;San Andrés Cholula;47125;42406;4442
21120;San Antonio Cañada;3782;2470;1310
21121;San Diego la Mesa Tochimiltzingo;951;688;262
21122;San Felipe Teotlalcingo;7402;6727;646
21123;San Felipe Tepatlán;3802;2391;1395
21124;San Gabriel Chilac;11665;8439;3206
21125;San Gregorio Atzompa;6040;5520;510
21126;San Jerónimo Tecuanipan;4467;3829;633
21127;San Jerónimo Xayacatlán;3492;2663;812
21128;San José Chiapa;5810;4795;991
21129;San José Miahuatlán;10098;7351;2718
21130;San Juan Atenco;3100;2562;535
21131;San Juan Atzompa;647;558;86
21132;San Martín Texmelucan;104818;95187;9406
21133;San Martín Totoltepec;799;662;134
21134;San Matías Tlalancaleca;14060;12133;1881
21135;San Miguel Ixitlán;553;441;106
21136;San Miguel Xoxtla;8097;7441;638
21137;San Nicolás Buenos Aires;7076;5311;1758
21138;San Nicolás de los Ranchos;8452;6868;1567
21139;San Pablo Anicano;2917;2292;613
21140;San Pedro Cholula;86566;78383;7908
21141;San Pedro Yeloixtlahuaca;3151;2516;625
21142;San Salvador el Seco;20233;15611;4605
21143;San Salvador el Verde;19546;17448;2047
21144;San Salvador Huixcolotla;8783;7328;1429
21145;San Sebastián Tlacotepec;11002;7062;3903
21146;Santa Catarina Tlaltempan;683;420;260
21147;Santa Inés Ahuatempan;5042;3619;1415
21148;Santa Isabel Cholula;7433;6156;1270
21149;Santiago Miahuatlán;12116;9832;2254
21150;Huehuetlán el Grande;5733;4227;1462
21151;Santo Tomás Hueyotlipan;6084;5339;736
21152;Soltepec;9536;7732;1784
21153;Tecali de Herrera;14526;12803;1696
21154;Tecamachalco;50543;41991;8439
21155;Tecomatlán;5657;4339;1277
21156;Tehuacán;193596;168591;24416
21157;Tehuitzingo;10595;8125;2435
21158;Tenampulco;6216;4912;1288
21159;Teopantlán;4221;2753;1463
21160;Teotlalco;2991;2388;596
21161;Tepanco de López;14280;11839;2364
21162;Tepango de Rodríguez;3411;1879;1501
21163;Tepatlaxco de Hidalgo;12009;9802;2188
21164;Tepeaca;53280;45410;7733
21165;Tepemaxalco;1033;754;277
21166;Tepeojuma;7368;5680;1675
21167;Tepetzintla;7903;4300;3581
21168;Tepexco;5295;3832;1455
21169;Tepexi de Rodríguez;15424;12281;3099
21170;Tepeyahualco;13050;10143;2882
21171;Tepeyahualco de Cuauhtémoc;2491;2160;320
21172;Tetela de Ocampo;21730;15803;5864
21173;Teteles de Avila Castillo;4798;4270;511
21174;Teziutlán;70311;61507;8649
21175;Tianguismanalco;8203;6837;1342
21176;Tilapa;7086;5866;1204
21177;Tlacotepec de Benito Juárez;34961;24917;9905
21178;Tlacuilotepec;15138;11178;3886
21179;Tlachichuca;21868;16764;5042
21180;Tlahuapan;26887;22950;3857
21181;Tlaltenango;4626;4047;567
21182;Tlanepantla;3551;3052;490
21183;Tlaola;15241;9453;5697
21184;Tlapacoya;5415;3585;1815
21185;Tlapanalá;7427;6001;1402
21186;Tlatlauquitepec;40483;31868;8525
21187;Tlaxco;5374;4087;1256
21188;Tochimilco;14574;11807;2719
21189;Tochtepec;14758;12323;2389
21190;Totoltepec de Guerrero;926;789;135
21191;Tulcingo;8992;6666;2268
21192;Tuzamapan de Galeana;5423;4242;1168
21193;Tzicatlacoyan;5341;4146;1180
21194;Venustiano Carranza;21689;16938;4686
21195;Vicente Guerrero;17821;10235;7501
21196;Xayacatlán de Bravo;1383;1094;283
21197;Xicotepec;59970;47723;12147
21198;Xicotlán;1195;922;270
21199;Xiutetelco;25688;18020;7592
21200;Xochiapulco;3622;2965;645
21201;Xochiltepec;2825;2301;515
21202;Xochitlán de Vicente Suárez;9903;6810;3034
21203;Xochitlán Todos Santos;4304;3148;1153
21204;Yaonáhuac;5798;4823;960
21205;Yehualtepec;16297;12802;3406
21206;Zacapala;3674;2747;925
21207;Zacapoaxtla;41464;32250;8984
21208;Zacatlán;59298;47758;11361
21209;Zapotitlán;7455;5960;1480
21210;Zapotitlán de Méndez;4529;3223;1295
21211;Zaragoza;12025;10449;1547
21212;Zautla;16268;11830;4345
21213;Zihuateutla;11462;8250;3184
21214;Zinacatepec;11909;8662;3207
21215;Zongozotla;3773;2653;1116
21216;Zoquiapan;2507;1665;842
21217;Zoquitlán;16207;8340;7805
21996;No especificado;;;
21997;Otros estados;;;
21998;Otros municipios;;;
22001;Amealco de Bonfil;46456;34191;12103
22002;Pinal de Amoles;22819;17109;5600
22003;Arroyo Seco;10858;8544;2295
22004;Cadereyta de Montes;44510;34988;9297
22005;Colón;40421;32224;8012
22006;Corregidora;65030;58359;6478
22007;Ezequiel Montes;24107;19908;4116
22008;Huimilpan;24553;19186;5264
22009;Jalpan de Serra;19264;15268;3935
22010;Landa de Matamoros;16432;12324;4055
22011;El Marqués;61541;51056;10194
22012;Pedro Escobedo;43272;36835;6272
22013;Peñamiller;14161;11308;2785
22014;Querétaro;564937;517273;46174
22015;San Joaquín;6518;4853;1626
22016;San Juan del Río;157174;139259;17500
22017;Tequisquiapan;43608;37712;5761
22018;Tolimán;18427;14711;3644
22996;No especificado;;;
22997;Otros estados;;;
23001;Cozumel;52083;47520;4435
23002;Felipe Carrillo Puerto;51661;40145;11371
23003;Isla Mujeres;9687;8799;864
23004;Othón P. Blanco;182048;158343;23357
23005;Benito Juárez;362738;332161;29535
23006;José María Morelos;26564;20884;5600
23007;Lázaro Cárdenas;17546;14188;3302
23008;Solidaridad;53115;46418;6471
23009;Tulum;;;
23010;Bacalar;;;
23996;No especificado;;;
23997;Otros estados;;;
23998;Otros municipios;;;
24001;Ahualulco;16573;13092;3417
24002;Alaquines;7584;5945;1627
24003;Aquismón;36056;24957;10961
24004;Armadillo de los Infante;4363;3565;797
24005;Cárdenas;16517;14209;2255
24006;Catorce;8798;7204;1566
24007;Cedral;14097;12022;2025
24008;Cerritos;18364;16009;2316
24009;Cerro de San Pedro;2918;2542;371
24010;Ciudad del Maíz;26687;22523;4106
24011;Ciudad Fernández;34934;29143;5668
24012;Tancanhuitz;17336;13767;3521
24013;Ciudad Valles;130321;114848;15275
24014;Coxcatlán;15222;11936;3230
24015;Charcas;18555;15462;3043
24016;Ebano;35071;29233;5744
24017;Guadalcázar;22343;17165;5120
24018;Huehuetlán;12356;9536;2761
24019;Lagunillas;5812;4430;1348
24020;Matehuala;68750;61133;7441
24021;Mexquitic de Carmona;41970;34486;7352
24022;Moctezuma;17408;14021;3300
24023;Rayón;13847;11039;2753
24024;Rioverde;78392;65213;12922
24025;Salinas;22479;18858;3551
24026;San Antonio;8082;6294;1766
24027;San Ciro de Acosta;9250;7520;1706
24028;San Luis Potosí;589139;545128;42684
24029;San Martín Chalchicuautla;19573;14267;5251
24030;San Nicolás Tolentino;6007;4804;1187
24031;Santa Catarina;9197;5321;3786
24032;Santa María del Río;33903;27284;6437
24033;Santo Domingo;11229;9425;1760
24034;San Vicente Tancuayalab;12385;9913;2445
24035;Soledad de Graciano Sánchez;156820;142846;13565
24036;Tamasopo;23797;18904;4848
24037;Tamazunchale;76892;57879;18845
24038;Tampacán;14044;11071;2934
24039;Tampamolón Corona;11929;9217;2664
24040;Tamuín;30796;25624;5069
24041;Tanlajás;15555;11941;3570
24042;Tanquián de Escobedo;11842;9477;2334
24043;Tierra Nueva;8257;6197;2028
24044;Vanegas;6653;5538;1103
24045;Venado;12591;10488;2077
24046;Villa de Arriaga;12726;10227;2213
24047;Villa de Guadalupe;9099;7238;1850
24048;Villa de la Paz;4525;3908;604
24049;Villa de Ramos;29771;24346;5364
24050;Villa de Reyes;35065;28765;6212
24051;Villa Hidalgo;13374;11185;2154
24052;Villa Juárez;9734;7912;1799
24053;Axtla de Terrazas;27516;22895;4575
24054;Xilitla;42446;33979;8312
24055;Zaragoza;18881;14423;4371
24056;Villa de Arista;11857;9277;2547
24057;Matlapa;24337;18827;5407
24058;El Naranjo;16514;14054;2433
24996;No especificado;;;
24997;Otros estados;;;
24998;Otros municipios;;;
25001;Ahome;318854;292371;25482
25002;Angostura;39100;34900;4110
25003;Badiraguato;32565;26495;5967
25004;Concordia;24651;21314;3255
25005;Cosalá;14910;12235;2610
25006;Culiacán;657095;588772;66592
25007;Choix;25551;20604;4834
25008;Elota;42548;31673;10744
25009;Escuinapa;44496;39333;4981
25010;El Fuerte;79786;70402;9100
25011;Guasave;245643;216011;28999
25012;Mazatlán;338548;314891;22896
25013;Mocorito;44523;37172;7225
25014;Rosario;42447;37544;4752
25015;Salvador Alvarado;65202;59373;5675
25016;San Ignacio;23407;19784;3564
25017;Sinaloa;74881;62106;12474
25018;Navolato;127091;105504;21208
25996;No especificado;;;
25997;Otros estados;;;
25998;Otros municipios;;;
26001;Aconchi;2163;1989;170
26002;Agua Prieta;53408;49222;4005
26003;Alamos;22209;18404;3744
26004;Altar;6274;5576;670
26005;Arivechi;1349;1238;111
26006;Arizpe;3042;2772;266
26007;Atil;643;573;70
26008;Bacadéhuachi;1206;1093;111
26009;Bacanora;856;747;106
26010;Bacerac;1188;1064;120
26011;Bacoachi;1337;1240;95
26012;Bácum;19003;16827;2107
26013;Banámichi;1335;1195;139
26014;Baviácora;3355;3104;240
26015;Bavispe;1224;1119;102
26016;Benjamín Hill;5085;4500;460
26017;Caborca;61502;55157;6128
26018;Cajeme;318332;294659;22870
26019;Cananea;28321;26592;1692
26020;Carbó;4406;3894;502
26021;La Colorada;2032;1836;180
26022;Cucurpe;819;727;89
26023;Cumpas;5594;5267;320
26024;Divisaderos;748;702;46
26025;Empalme;44115;39895;4039
26026;Etchojoa;49777;43327;6320
26027;Fronteras;6721;6149;544
26028;Granados;1135;1066;63
26029;Guaymas;115351;105187;9781
26030;Hermosillo;539089;499735;37912
26031;Huachinera;1000;906;91
26032;Huásabas;876;804;70
26033;Huatabampo;67592;60094;7283
26034;Huépac;1052;991;59
26035;Imuris;8687;7850;808
26036;Magdalena;21444;19780;1566
26037;Mazatán;1436;1322;112
26038;Moctezuma;3736;3472;260
26039;Naco;4606;4281;302
26040;Nácori Chico;1972;1779;190
26041;Nacozari de García;12458;11537;858
26042;Navojoa;124633;112906;11443
26043;Nogales;137480;127940;8831
26044;Onavas;427;378;48
26045;Opodepe;2478;2250;222
26046;Oquitoa;373;356;14
26047;Pitiquito;8206;7425;771
26048;Puerto Peñasco;27274;25378;1790
26049;Quiriego;2987;2317;661
26050;Rayón;1438;1296;137
26051;Rosario;4861;3986;868
26052;Sahuaripa;5730;5168;546
26053;San Felipe de Jesús;367;335;30
26054;San Javier;251;230;21
26055;San Luis Río Colorado;126542;115118;10831
26056;San Miguel de Horcasitas;4811;3803;990
26057;San Pedro de la Cueva;1514;1357;156
26058;Santa Ana;11988;11113;852
26059;Santa Cruz;1411;1282;121
26060;Sáric;1991;1760;222
26061;Soyopa;1465;1311;150
26062;Suaqui Grande;1051;972;78
26063;Tepache;1414;1327;86
26064;Trincheras;1512;1347;161
26065;Tubutama;1588;1433;154
26066;Ures;8687;7970;672
26067;Villa Hidalgo;1792;1662;130
26068;Villa Pesqueira;1422;1291;129
26069;Yécora;5379;4500;855
26070;General Plutarco Elías Calles;9759;8720;1005
26071;Benito Juárez;19255;16930;2292
26072;San Ignacio Río Muerto;12053;10511;1518
26996;No especificado;;;
26997;Otros estados;;;
26998;Otros municipios;;;
27001;Balancán;47852;39681;8046
27002;Cárdenas;188405;160701;27078
27003;Centla;77114;65451;11405
27004;Centro;463672;423782;38823
27005;Comalcalco;144523;123172;21048
27006;Cunduacán;91715;78336;13129
27007;Emiliano Zapata;23902;20875;2964
27008;Huimanguillo;137226;112493;24341
27009;Jalapa;29395;25562;3763
27010;Jalpa de Méndez;60196;51834;8207
27011;Jonuta;24284;19666;4551
27012;Macuspana;117921;101214;16449
27013;Nacajuca;70840;58897;11678
27014;Paraíso;62537;56096;6305
27015;Tacotalpa;35808;30088;5661
27016;Teapa;40457;33882;6508
27017;Tenosique;48519;40715;7679
27996;No especificado;;;
27997;Otros estados;;;
27998;Otros municipios;;;
28001;Abasolo;11752;10191;1534
28002;Aldama;24648;21175;3409
28003;Altamira;112572;101140;11162
28004;Antiguo Morelos;7920;6776;1130
28005;Burgos;4695;4229;460
28006;Bustamante;6616;5021;1585
28007;Camargo;14641;13185;1404
28008;Casas;4006;3380;621
28009;Ciudad Madero;165200;157470;7464
28010;Cruillas;2078;1765;311
28011;Gómez Farías;7684;6504;1174
28012;González;36341;30639;5546
28013;Güémez;12848;11332;1484
28014;Guerrero;3803;3456;340
28015;Gustavo Díaz Ordaz;14280;12798;1445
28016;Hidalgo;21678;19194;2435
28017;Jaumave;11682;10151;1516
28018;Jiménez;7595;6699;887
28019;Llera;15819;13531;2265
28020;Mainero;2526;2305;214
28021;El Mante;101324;90558;10542
28022;Matamoros;363098;332779;28901
28023;Méndez;4768;4215;543
28024;Mier;5960;5484;464
28025;Miguel Alemán;22413;20658;1704
28026;Miquihuana;2787;2086;698
28027;Nuevo Laredo;269596;248322;19740
28028;Nuevo Morelos;2716;2310;395
28029;Ocampo;11857;10250;1587
28030;Padilla;12253;10827;1398
28031;Palmillas;1612;1406;205
28032;Reynosa;365372;337739;26041
28033;Río Bravo;90915;81687;8818
28034;San Carlos;8712;7875;824
28035;San Fernando;50351;44245;5949
28036;San Nicolás;906;761;145
28037;Soto la Marina;21343;18381;2912
28038;Tampico;267149;253187;13343
28039;Tula;23714;19730;3910
28040;Valle Hermoso;51430;47042;4236
28041;Victoria;234268;218375;15430
28042;Villagrán;6313;5661;639
28043;Xicoténcatl;20068;17379;2680
28996;No especificado;;;
28997;Otros estados;;;
28998;Otros municipios;;;
29001;Amaxac de Guerrero;6803;6331;454
29002;Apetatitlán de Antonio Carvajal;10529;9815;690
29003;Atlangatepec;4719;4011;695
29004;Atltzayanca;11489;9701;1759
29005;Apizaco;59866;55533;4169
29006;Calpulalpan;32551;28888;3554
29007;El Carmen Tequexquitla;10680;8471;2167
29008;Cuapiaxtla;9597;8154;1422
29009;Cuaxomulco;3729;3363;359
29010;Chiautempan;50965;47064;3776
29011;Muñoz de Domingo Arenas;3589;3159;422
29012;Españita;6324;5421;879
29013;Huamantla;58062;50350;7544
29014;Hueyotlipan;11182;9620;1501
29015;Ixtacuixtla de Mariano Matamoros;26820;24044;2682
29016;Ixtenco;5231;4591;617
29017;Mazatecochco de José María Morelos;7367;6279;1052
29018;Contla de Juan Cuamatzi;25546;22472;3020
29019;Tepetitla de Lardizábal;12552;11552;974
29020;Sanctórum de Lázaro Cárdenas;6109;5249;823
29021;Nanacamilpa de Mariano Arista;12844;11021;1751
29022;Acuamanala de Miguel Hidalgo;3808;3442;353
29023;Natívitas;18463;16523;1894
29024;Panotla;20948;19150;1729
29025;San Pablo del Monte;46915;39525;7296
29026;Santa Cruz Tlaxcala;11371;10270;1068
29027;Tenancingo;8931;7597;1289
29028;Teolocholco;14968;13065;1831
29029;Tepeyanco;8024;7412;568
29030;Terrenate;9773;8010;1728
29031;Tetla de la Solidaridad;18978;16818;2122
29032;Tetlatlahuca;9636;8876;711
29033;Tlaxcala;65005;61049;3825
29034;Tlaxco;29528;24554;4902
29035;Tocatlán;4133;3713;414
29036;Totolac;14828;13849;934
29037;Ziltlaltépec de Trinidad Sánchez Santos;6960;5680;1264
29038;Tzompantepec;8052;7217;818
29039;Xaloztoc;14753;13104;1608
29040;Xaltocan;6536;5770;733
29041;Papalotla de Xicohténcatl;19643;17883;1716
29042;Xicohtzinco;9140;8501;626
29043;Yauhquemehcan;18880;17224;1608
29044;Zacatelco;28284;25680;2547
29045;Benito Juárez;4115;3505;599
29046;Emiliano Zapata;2992;2405;579
29047;Lázaro Cárdenas;2041;1744;296
29048;La Magdalena Tlaltelulco;11912;10492;1388
29049;San Damián Texóloc;3895;3583;287
29050;San Francisco Tetlanohcan;7960;6799;1133
29051;San Jerónimo Zacualpan;2870;2586;270
29052;San José Teacalco;4062;3475;585
29053;San Juan Huactzinco;4907;4414;467
29054;San Lorenzo Axocomanitla;3888;3603;276
29055;San Lucas Tecopilco;2624;2293;324
29056;Santa Ana Nopalucan;5206;4748;435
29057;Santa Apolonia Teacalco;3239;2928;300
29058;Santa Catarina Ayometla;6110;5341;760
29059;Santa Cruz Quilehtla;4155;3624;516
29060;Santa Isabel Xiloxoxtla;2790;2504;278
29996;No especificado;;;
29997;Otros estados;;;
29998;Otros municipios;;;
30001;Acajete;6485;4714;1755
30002;Acatlán;2296;1844;446
30003;Acayucan;69013;55140;13654
30004;Actopan;35436;28556;6812
30005;Acula;4517;3390;1117
30006;Acultzingo;15340;11656;3652
30007;Camarón de Tejeda;5041;4128;899
30008;Alpatláhuac;7194;4609;2570
30009;Alto Lucero de Gutiérrez Barrios;24317;18724;5512
30010;Altotonga;45404;32645;12660
30011;Alvarado;44573;37344;7147
30012;Amatitlán;6591;5131;1446
30013;Naranjos Amatlán;23575;20790;2729
30014;Amatlán de los Reyes;32904;27997;4814
30015;Angel R. Cabada;28719;21296;7353
30016;La Antigua;21021;18871;2108
30017;Apazapan;3283;2771;503
30018;Aquila;1543;946;594
30019;Astacinga;4514;2423;2072
30020;Atlahuilco;6848;3712;3126
30021;Atoyac;20237;17216;2973
30022;Atzacan;14745;10480;4239
30023;Atzalan;41561;29751;11670
30024;Tlaltetela;11498;8222;3255
30025;Ayahualulco;16971;9088;7851
30026;Banderilla;14524;12726;1771
30027;Benito Juárez;14004;9460;4510
30028;Boca del Río;123177;114604;8245
30029;Calcahualco;9211;5205;3976
30030;Camerino Z. Mendoza;35140;29773;5270
30031;Carrillo Puerto;12873;9145;3705
30032;Catemaco;39868;30070;9685
30033;Cazones de Herrera;20973;16540;4384
30034;Cerro Azul;22390;20015;2306
30035;Citlaltépetl;9660;7341;2280
30036;Coacoatzintla;6294;4805;1478
30037;Coahuitlán;5880;3808;2058
30038;Coatepec;65837;57355;8365
30039;Coatzacoalcos;239051;216731;21784
30040;Coatzintla;34786;30002;4732
30041;Coetzala;1589;1123;463
30042;Colipa;5375;4028;1340
30043;Comapa;14879;10875;3964
30044;Córdoba;158827;142303;16190
30045;Cosamaloapan de Carpio;48546;40972;7421
30046;Cosautlán de Carvajal;13387;10334;3016
30047;Coscomatepec;35289;22194;12949
30048;Cosoleacaque;86548;75247;11018
30049;Cotaxtla;16783;13031;3717
30050;Coxquihui;12578;8307;4229
30051;Coyutla;18651;12627;5952
30052;Cuichapa;9613;7823;1759
30053;Cuitláhuac;20514;16944;3501
30054;Chacaltianguis;10499;8412;2071
30055;Chalma;11581;8447;3101
30056;Chiconamel;5838;3928;1889
30057;Chiconquiaco;11075;7579;3436
30058;Chicontepec;52448;40630;11598
30059;Chinameca;12690;10582;2074
30060;Chinampa de Gorostiza;12263;9656;2575
30061;Las Choapas;62669;47477;15033
30062;Chocamán;13152;9714;3401
30063;Chontla;13174;10092;3053
30064;Chumatlán;2972;1905;1063
30065;Emiliano Zapata;39492;34241;5177
30066;Espinal;21182;15841;5287
30067;Filomeno Mata;8849;4331;4478
30068;Fortín;41174;36387;4668
30069;Gutiérrez Zamora;23801;20452;3329
30070;Hidalgotitlán;15781;12478;3245
30071;Huatusco;40457;32174;8187
30072;Huayacocotla;15817;11753;4016
30073;Hueyapan de Ocampo;34902;25765;9009
30074;Huiloapan de Cuauhtémoc;5079;4403;665
30075;Ignacio de la Llave;15936;11751;4145
30076;Ilamatlán;11005;5620;5305
30077;Isla;34369;27286;7005
30078;Ixcatepec;11243;8342;2891
30079;Ixhuacán de los Reyes;8229;5549;2671
30080;Ixhuatlán del Café;17099;12727;4330
30081;Ixhuatlancillo;10357;7053;3279
30082;Ixhuatlán del Sureste;11835;9922;1882
30083;Ixhuatlán de Madero;43101;30041;12960
30084;Ixmatlahuacan;5377;4141;1210
30085;Ixtaczoquitlán;50837;43147;7551
30086;Jalacingo;28375;21220;7078
30087;Xalapa;349823;320577;28624
30088;Jalcomulco;4024;3194;826
30089;Jáltipan;33900;28977;4831
30090;Jamapa;8937;7423;1488
30091;Jesús Carranza;22200;17249;4890
30092;Xico;25083;19660;5399
30093;Jilotepec;11460;9646;1789
30094;Juan Rodríguez Clara;29698;22958;6656
30095;Juchique de Ferrer;16443;11872;4545
30096;Landero y Coss;1278;1040;235
30097;Lerdo de Tejada;18204;15380;2788
30098;Magdalena;1988;1322;661
30099;Maltrata;12737;9341;3378
30100;Manlio Fabio Altamirano;18514;15269;3204
30101;Mariano Escobedo;24703;19027;5604
30102;Martínez de la Torre;105350;89811;15269
30103;Mecatlán;8778;4985;3759
30104;Mecayapan;13046;8398;4598
30105;Medellín;31477;26909;4482
30106;Miahuatlán;3257;2614;633
30107;Las Minas;2170;1393;770
30108;Minatitlán;136380;119944;16139
30109;Misantla;53438;44496;8817
30110;Mixtla de Altamirano;7012;2270;4711
30111;Moloacán;14886;12277;2564
30112;Naolinco;15999;13069;2891
30113;Naranjal;3550;2703;839
30114;Nautla;8737;7360;1349
30115;Nogales;27809;24152;3621
30116;Oluta;11735;9403;2298
30117;Omealca;19495;15146;4295
30118;Orizaba;107971;100425;7337
30119;Otatitlán;4741;3971;765
30120;Oteapan;10728;8603;2105
30121;Ozuluama de Mascareñas;21752;18041;3658
30122;Pajapan;12239;7304;4912
30123;Pánuco;80138;69338;10638
30124;Papantla;152057;125348;26290
30125;Paso del Macho;23576;19194;4347
30126;Paso de Ovejas;27707;23531;4108
30127;La Perla;14446;7840;6568
30128;Perote;47539;39224;8188
30129;Platón Sánchez;15332;11379;3891
30130;Playa Vicente;43438;32033;11254
30131;Poza Rica de Hidalgo;138276;127263;10657
30132;Las Vigas de Ramírez;12226;9664;2531
30133;Pueblo Viejo;44618;39926;4531
30134;Puente Nacional;16953;14429;2499
30135;Rafael Delgado;12772;9698;3042
30136;Rafael Lucio;4682;3936;738
30137;Los Reyes;3494;2049;1433
30138;Río Blanco;35733;32885;2824
30139;Saltabarranca;5117;3802;1299
30140;San Andrés Tenejapan;1882;1313;567
30141;San Andrés Tuxtla;124548;91041;33144
30142;San Juan Evangelista;28830;22365;6377
30143;Santiago Tuxtla;48256;34916;13231
30144;Sayula de Alemán;24598;18575;5940
30145;Soconusco;10042;8048;1969
30146;Sochiapa;2673;2044;621
30147;Soledad Atzompa;14054;7369;6573
30148;Soledad de Doblado;24299;19756;4469
30149;Soteapan;23143;12326;10755
30150;Tamalín;10185;8255;1897
30151;Tamiahua;23356;19224;4076
30152;Tampico Alto;11292;9687;1590
30153;Tancoco;5591;4430;1152
30154;Tantima;11933;9516;2386
30155;Tantoyuca;82422;64827;17277
30156;Tatatila;4118;2792;1316
30157;Castillo de Teayo;17420;13787;3603
30158;Tecolutla;22859;18854;3934
30159;Tehuipango;14141;4714;9387
30160;Álamo Temapache;91259;75625;15428
30161;Tempoal;31847;24087;7666
30162;Tenampa;5146;3731;1407
30163;Tenochtitlán;4798;3702;1089
30164;Teocelo;12974;10775;2180
30165;Tepatlaxco;6830;5209;1611
30166;Tepetlán;7452;5227;2214
30167;Tepetzintla;12051;9649;2367
30168;Tequila;10114;5995;4089
30169;José Azueta;21852;16781;4993
30170;Texcatepec;7675;4061;3588
30171;Texhuacán;3973;2586;1374
30172;Texistepec;16825;13385;3374
30173;Tezonapa;44498;33231;11173
30174;Tierra Blanca;79755;65780;13740
30175;Tihuatlán;71750;58953;12609
30176;Tlacojalpan;4121;3264;839
30177;Tlacolulan;7570;5382;2163
30178;Tlacotalpan;13445;10715;2685
30179;Tlacotepec de Mejía;3187;2583;591
30180;Tlachichilco;9519;6038;3461
30181;Tlalixcoyan;32778;26247;6457
30182;Tlalnelhuayocan;9884;7741;2128
30183;Tlapacoyan;45688;36843;8731
30184;Tlaquilpa;5348;3226;2091
30185;Tlilapan;3409;2515;879
30186;Tomatlán;5421;4505;904
30187;Tonayán;4111;2991;1104
30188;Totutla;13089;9889;3174
30189;Tuxpan;112826;100369;12272
30190;Tuxtilla;2012;1611;386
30191;Ursulo Galván;24885;22158;2664
30192;Vega de Alatorre;16614;13615;2964
30193;Veracruz;412797;382483;29519
30194;Villa Aldama;6862;5175;1673
30195;Xoxocotla;3744;2251;1480
30196;Yanga;14564;12462;2043
30197;Yecuatla;10919;8322;2574
30198;Zacualpan;6110;3964;2143
30199;Zaragoza;7610;5365;2229
30200;Zentla;10969;9068;1887
30201;Zongolica;34415;22417;11883
30202;Zontecomatlán de López y Fuentes;10475;5875;4571
30203;Zozocolco de Hidalgo;10965;7453;3474
30204;Agua Dulce;39020;34373;4570
30205;El Higo;16433;13810;2587
30206;Nanchital de Lázaro Cárdenas del Río;24459;22266;2137
30207;Tres Valles;38918;31597;7213
30208;Carlos A. Carrillo;20673;17188;3410
30209;Tatahuicapan de Juárez;10518;6847;3611
30210;Uxpanapa;20132;15199;4859
30211;San Rafael;;;
30212;Santiago Sochiapan;;;
30996;No especificado;;;
30997;Otros estados;;;
30998;Otros municipios;;;
31001;Abalá;4626;3524;1093
31002;Acanceh;11760;9747;1995
31003;Akil;8157;6278;1870
31004;Baca;4660;4024;627
31005;Bokobá;1766;1419;342
31006;Buctzotz;6980;5615;1355
31007;Cacalchén;5678;4559;1100
31008;Calotmul;3514;2851;659
31009;Cansahcab;4304;3535;761
31010;Cantamayec;1805;1226;572
31011;Celestún;5227;4412;812
31012;Cenotillo;3077;2560;510
31013;Conkal;6859;6138;713
31014;Cuncunul;1160;807;349
31015;Cuzamá;3881;3014;859
31016;Chacsinkín;2063;1391;671
31017;Chankom;3499;2523;967
31018;Chapab;2511;2018;490
31019;Chemax;20986;12773;8142
31020;Chicxulub Pueblo;3134;2672;454
31021;Chichimilá;5638;3788;1831
31022;Chikindzonot;3022;2012;998
31023;Chocholá;3652;2892;752
31024;Chumayel;2526;1754;770
31025;Dzán;3812;3113;696
31026;Dzemul;2863;2312;548
31027;Dzidzantún;7120;6332;768
31028;Dzilam de Bravo;2119;1923;194
31029;Dzilam González;5232;4410;810
31030;Dzitás;3045;2301;731
31031;Dzoncauich;2458;1922;533
31032;Espita;10956;7854;3069
31033;Halachó;15036;11370;3617
31034;Hocabá;4707;3411;1281
31035;Hoctún;4901;3575;1316
31036;Homún;5426;4227;1192
31037;Huhí;3726;2958;765
31038;Hunucmá;22996;18788;4140
31039;Ixil;2827;2449;369
31040;Izamal;20640;16319;4296
31041;Kanasín;34084;28558;5458
31042;Kantunil;4523;3486;1033
31043;Kaua;1955;1491;449
31044;Kinchil;4829;3802;1024
31045;Kopomá;1980;1667;309
31046;Mama;2425;1928;495
31047;Maní;4124;3067;1041
31048;Maxcanú;16526;12812;3671
31049;Mayapán;2072;1154;907
31050;Mérida;633941;589066;43418
31051;Mocochá;2430;2158;270
31052;Motul;26236;21997;4215
31053;Muna;10192;8545;1627
31054;Muxupip;2280;1877;402
31055;Opichén;4643;3795;834
31056;Oxkutzcab;22046;16314;5682
31057;Panabá;6953;5607;1336
31058;Peto;18528;14287;4187
31059;Progreso;43128;39526;3537
31060;Quintana Roo;900;720;175
31061;Río Lagartos;2683;2397;282
31062;Sacalum;3474;2788;682
31063;Samahil;3844;3107;724
31064;Sanahcat;1326;1044;279
31065;San Felipe;1635;1449;181
31066;Santa Elena;3055;2299;752
31067;Seyé;7372;5943;1417
31068;Sinanché;2714;2245;464
31069;Sotuta;6638;5112;1519
31070;Sucilá;3451;2902;548
31071;Sudzal;1360;1040;318
31072;Suma;1693;1536;151
31073;Tahdziú;2595;1699;891
31074;Tahmek;3149;2533;611
31075;Teabo;4149;2856;1279
31076;Tecoh;12707;9772;2910
31077;Tekal de Venegas;2039;1510;524
31078;Tekantó;3502;2835;663
31079;Tekax;30496;23608;6819
31080;Tekit;7456;5362;2087
31081;Tekom;2343;1773;563
31082;Telchac Pueblo;3015;2601;413
31083;Telchac Puerto;1354;1181;171
31084;Temax;5726;4449;1258
31085;Temozón;10646;7565;3038
31086;Tepakán;1924;1399;521
31087;Tetiz;3660;2685;970
31088;Teya;1735;1351;382
31089;Ticul;29106;24589;4475
31090;Timucuy;5216;3639;1566
31091;Tinum;8327;6592;1704
31092;Tixcacalcupul;4583;3251;1321
31093;Tixkokob;13849;12261;1576
31094;Tixmehuac;3497;2424;1063
31095;Tixpéhual;4379;3887;485
31096;Tizimín;55671;43136;12401
31097;Tunkás;3193;2461;729
31098;Tzucacab;10900;8244;2635
31099;Uayma;2627;1824;799
31100;Ucú;2569;2120;443
31101;Umán;43619;37808;5737
31102;Valladolid;49381;39448;9797
31103;Xocchel;2493;1868;622
31104;Yaxcabá;11429;8071;3344
31105;Yaxkukul;2117;1887;229
31106;Yobaín;1842;1580;257
31996;No especificado;;;
31997;Otros estados;;;
31998;Otros municipios;;;
32001;Apozol;6542;5750;788
32002;Apulco;4345;3818;521
32003;Atolinga;2895;2480;413
32004;Benito Juárez;3832;3355;468
32005;Calera;27535;24395;3089
32006;Cañitas de Felipe Pescador;7581;6847;712
32007;Concepción del Oro;10468;9417;1019
32008;Cuauhtémoc;9415;8155;1225
32009;Chalchihuites;10605;9343;1222
32010;Fresnillo;159965;143547;15905
32011;Trinidad García de la Cadena;3168;2805;355
32012;Genaro Codina;6992;5915;1060
32013;General Enrique Estrada;4815;4332;467
32014;General Francisco R. Murguía;20495;18178;2259
32015;El Plateado de Joaquín Amaro;1863;1609;254
32016;General Pánfilo Natera;18831;15926;2867
32017;Guadalupe;95297;87387;7633
32018;Huanusco;4699;4109;576
32019;Jalpa;20582;17979;2542
32020;Jerez;48538;43811;4609
32021;Jiménez del Teul;4514;3591;906
32022;Juan Aldama;17023;15413;1533
32023;Juchipila;11321;10084;1204
32024;Loreto;34686;30387;4201
32025;Luis Moya;9945;8685;1221
32026;Mazapil;15896;13287;2561
32027;Melchor Ocampo;2397;1973;420
32028;Mezquital del Oro;2641;2323;307
32029;Miguel Auza;18659;16717;1896
32030;Momax;2621;2329;287
32031;Monte Escobedo;8755;7779;953
32032;Morelos;8623;7994;609
32033;Moyahua de Estrada;5186;4483;687
32034;Nochistlán de Mejía;25950;22864;3017
32035;Noria de Ángeles;12034;10188;1769
32036;Ojocaliente;32842;28041;4724
32037;Pánuco;12210;10628;1551
32038;Pinos;55928;45305;10438
32039;Río Grande;51821;46565;5102
32040;Sain Alto;18114;15798;2264
32041;El Salvador;2810;2255;554
32042;Sombrerete;54341;48675;5478
32043;Susticacán;1157;988;165
32044;Tabasco;13678;11966;1676
32045;Tepechitlán;8042;7116;914
32046;Tepetongo;7648;6731;892
32047;Teúl de González Ortega;8186;7257;914
32048;Tlaltenango de Sánchez Román;20850;18358;2436
32049;Valparaíso;30880;26700;4099
32050;Vetagrande;6389;5739;632
32051;Villa de Cos;28284;24652;3594
32052;Villa García;12612;11277;1299
32053;Villa González Ortega;10289;8832;1428
32054;Villa Hidalgo;13637;11120;2472
32055;Villanueva;28408;25222;3055
32056;Zacatecas;110450;103452;6731
32057;Trancoso;11434;9691;1712
32058;Santa María de la Paz;;;
32996;No especificado;;;
32997;Otros estados;;;
32998;Otros municipios;;;
33991;Estados Unidos de América;;;
33992;Otros países latinoamericanos;;;
33993;Otros países;;;
