idedomun;gini
1001;0.425
1002;0.533
1003;0.465
1004;0.541
1005;0.469
1006;0.466
1007;0.486
1008;0.567
1009;0.53
1010;0.51
1011;0.473
2001;0.474
2002;0.444
2003;0.402
2004;0.434
2005;0.494
3001;0.541
3002;0.596
3003;0.458
3008;0.424
3009;0.588
4001;0.518
4002;0.465
4003;0.457
4004;0.45
4005;0.498
4006;0.469
4007;0.558
4008;0.452
4009;0.462
4010;0.398
4011;0.442
5001;0.394
5002;0.418
5003;0.42
5004;0.482
5005;0.473
5006;0.371
5007;0.482
5008;0.458
5009;0.379
5010;0.401
5011;0.4
5012;0.487
5013;0.443
5014;0.451
5015;0.583
5016;0.474
5017;0.39
5018;0.433
5019;0.506
5020;0.382
5021;0.412
5022;0.356
5023;0.496
5024;0.554
5025;0.398
5026;0.379
5027;0.44
5028;0.419
5029;0.427
5030;0.45
5031;0.386
5032;0.383
5033;0.429
5034;0.534
5035;0.493
5036;0.432
5037;0.58
5038;0.516
6001;0.483
6002;0.546
6003;0.574
6004;0.61
6005;0.469
6006;0.576
6007;0.407
6008;0.567
6009;0.408
6010;0.48
7001;0.395
7002;0.392
7003;0.447
7004;0.453
7005;0.329
7006;0.354
7007;0.365
7008;0.399
7009;0.415
7010;0.36
7011;0.374
7012;0.538
7013;0.504
7014;0.378
7015;0.473
7016;0.441
7017;0.472
7018;0.364
7019;0.544
7020;0.359
7021;0.424
7022;0.366
7023;0.356
7024;0.378
7025;0.382
7026;0.39
7027;0.449
7028;0.313
7029;0.405
7030;0.376
7031;0.393
7032;0.462
7033;0.348
7034;0.469
7035;0.456
7036;0.386
7037;0.495
7038;0.388
7039;0.322
7040;0.445
7041;0.343
7042;0.362
7043;0.471
7044;0.398
7045;0.398
7046;0.385
7047;0.407
7048;0.443
7049;0.313
7050;0.386
7051;0.446
7052;0.456
7053;0.445
7054;0.428
7055;0.472
7056;0.397
7057;0.454
7058;.
7059;0.487
7060;0.322
7061;0.498
7062;0.406
7063;0.401
7064;0.368
7065;0.496
7066;0.403
7067;0.402
7068;0.505
7069;0.401
7070;0.388
7071;0.443
7072;0.423
7073;0.42
7074;0.446
7075;0.626
7076;0.636
7077;0.427
7078;0.562
7079;0.408
7080;0.389
7081;0.458
7082;0.353
7083;0.478
7084;0.372
7085;0.372
7086;0.432
7087;0.454
7088;0.429
7089;0.514
7090;0.446
7091;0.44
7092;0.443
7093;0.347
7094;0.442
7096;0.39
7097;0.406
7098;0.334
7099;0.408
7100;0.387
7101;0.485
7102;0.538
7103;0.43
7104;0.389
7105;0.443
7106;0.451
7107;0.381
7108;0.456
7109;0.494
7110;0.35
7111;0.333
7112;0.379
7113;0.358
7114;0.372
7115;0.329
7116;0.35
7117;0.383
7118;0.292
7119;0.285
8001;0.562
8002;0.529
8003;0.645
8004;0.57
8005;0.619
8006;0.623
8007;0.582
8008;0.422
8009;0.636
8010;0.466
8011;0.523
8012;0.567
8013;0.49
8014;0.557
8015;0.402
8016;0.55
8017;0.482
8018;0.645
8019;0.489
8020;0.399
8021;0.555
8022;0.548
8023;0.529
8024;0.599
8025;0.601
8026;0.638
8027;0.596
8028;0.469
8029;0.477
8030;0.471
8031;0.625
8032;0.447
8033;0.545
8034;0.525
8035;0.416
8036;0.612
8037;0.432
8038;0.448
8039;0.52
8040;0.554
8041;0.519
8042;0.496
8043;0.638
8044;0.575
8045;0.499
8046;0.462
8047;0.408
8048;0.594
8049;0.464
8050;0.518
8051;0.514
8052;0.491
8053;0.495
8054;0.491
8055;0.498
8056;0.503
8057;0.55
8058;0.529
8059;0.569
8060;0.568
8061;0.466
8062;0.587
8063;0.541
8064;0.534
8065;0.561
8066;0.405
8067;0.587
9002;0.433
9003;0.525
9004;0.534
9005;0.44
9006;0.45
9007;0.446
9008;0.535
9009;0.466
9010;0.525
9011;0.44
9012;0.525
9013;0.5
9014;0.5
9015;0.481
9016;0.53
9017;0.429
10001;0.483
10002;0.434
10003;0.365
10004;0.436
10005;0.484
10006;0.395
10007;0.402
10008;0.469
10009;0.413
10010;0.497
10011;0.466
10012;0.39
10013;0.435
10014;0.457
10015;0.45
10016;0.493
10017;0.47
10018;0.475
10019;0.454
10020;0.451
10021;0.457
10022;0.468
10023;0.444
10024;0.521
10025;0.421
10026;0.534
10027;0.466
10028;0.465
10029;0.42
10030;0.443
10031;0.489
10032;0.442
10033;0.501
10034;0.457
10035;0.505
10036;0.453
10037;0.492
10038;0.499
10039;0.471
11001;0.43
11002;0.517
11003;0.585
11004;0.43
11005;0.458
11006;0.475
11007;0.482
11008;0.517
11009;0.541
11010;0.505
11011;0.467
11012;0.533
11013;0.535
11014;0.491
11015;0.505
11016;0.499
11017;0.552
11018;0.453
11019;0.478
11020;0.488
11021;0.456
11022;0.591
11023;0.475
11024;0.496
11025;0.394
11026;0.442
11027;0.514
11028;0.474
11029;0.49
11030;0.466
11031;0.437
11032;0.494
11033;0.509
11034;0.487
11035;0.5
11036;0.523
11037;0.467
11038;0.488
11039;0.485
11040;0.51
11041;0.432
11042;0.452
11043;0.548
11044;0.423
11045;0.508
11046;0.462
12001;0.449
12002;0.547
12003;0.467
12004;0.47
12005;0.459
12006;0.541
12007;0.488
12008;0.463
12009;0.411
12010;0.425
12011;0.496
12012;0.466
12013;0.42
12014;0.511
12015;0.481
12016;0.421
12017;0.549
12018;0.489
12019;0.404
12020;0.464
12021;0.525
12022;0.524
12023;0.537
12024;0.476
12025;0.386
12026;0.485
12027;0.509
12028;0.569
12029;0.552
12030;0.488
12031;0.389
12032;0.394
12033;0.523
12034;0.494
12035;0.511
12036;0.448
12037;0.422
12038;0.46
12039;0.518
12040;0.459
12041;0.457
12042;0.541
12043;0.387
12044;0.556
12045;0.441
12046;0.505
12047;0.419
12048;0.45
12049;0.47
12050;0.479
12051;0.447
12052;0.408
12053;0.465
12054;0.455
12055;0.469
12056;0.423
12057;0.47
12058;0.549
12059;0.582
12060;0.415
12061;0.589
12062;0.369
12063;0.496
12064;0.519
12065;0.457
12066;0.577
12067;0.519
12068;0.473
12069;0.48
12070;0.469
12071;0.381
12072;0.453
12073;0.457
12074;0.518
12075;0.505
12076;0.407
12077;0.501
12078;0.307
12079;0.353
12080;0.459
12081;0.392
13001;0.448
13002;0.42
13003;0.476
13004;0.405
13005;0.434
13006;0.438
13007;0.437
13008;0.473
13009;0.454
13010;0.564
13011;0.475
13012;0.522
13013;0.412
13014;0.423
13015;0.496
13016;0.433
13017;0.425
13018;0.462
13019;0.484
13020;0.41
13021;0.426
13022;0.422
13023;0.571
13024;0.48
13025;0.476
13026;0.37
13027;0.336
13028;0.563
13029;0.503
13030;0.475
13031;0.525
13032;0.461
13033;0.436
13034;0.398
13035;0.407
13036;0.412
13037;0.395
13038;0.5
13039;0.442
13040;0.381
13041;0.522
13042;0.501
13043;0.509
13044;0.431
13045;0.498
13046;0.515
13047;0.475
13048;0.435
13049;0.405
13050;0.519
13051;0.437
13052;0.432
13053;0.427
13054;0.516
13055;0.481
13056;0.432
13057;0.434
13058;0.561
13059;0.451
13060;0.413
13061;0.448
13062;0.447
13063;0.398
13064;0.423
13065;0.468
13066;0.457
13067;0.454
13068;0.343
13069;0.453
13070;0.495
13071;0.393
13072;0.427
13073;0.423
13074;0.472
13075;0.406
13076;0.478
13077;0.518
13078;0.388
13079;0.446
13080;0.378
13081;0.492
13082;0.418
13083;0.427
13084;0.541
14001;0.503
14002;0.418
14003;0.514
14004;0.519
14005;0.503
14006;0.43
14007;0.499
14008;0.436
14009;0.478
14010;0.53
14011;0.462
14012;0.485
14013;0.451
14014;0.507
14015;0.44
14016;0.575
14017;0.544
14018;0.421
14019;0.521
14020;0.524
14021;0.48
14022;0.526
14023;0.448
14024;0.492
14025;0.56
14026;0.501
14027;0.524
14028;0.466
14029;0.525
14030;0.538
14031;0.484
14032;0.549
14033;0.557
14034;0.506
14035;0.449
14036;0.526
14037;0.384
14038;0.495
14039;0.499
14040;0.464
14041;0.491
14042;0.538
14043;0.55
14044;0.51
14045;0.519
14046;0.412
14047;0.427
14048;0.548
14049;0.488
14050;0.469
14051;0.435
14052;0.483
14053;0.477
14054;0.576
14055;0.525
14056;0.563
14057;0.537
14058;0.526
14059;0.558
14060;0.517
14061;0.554
14062;0.495
14063;0.466
14064;0.578
14065;0.538
14066;0.54
14067;0.504
14068;0.553
14069;0.552
14070;0.434
14071;0.488
14072;0.529
14073;0.401
14074;0.49
14075;0.534
14076;0.533
14077;0.501
14078;0.489
14079;0.515
14080;0.488
14081;0.509
14082;0.427
14083;0.422
14084;0.555
14085;0.429
14086;0.545
14087;0.503
14088;0.517
14089;0.467
14090;0.544
14091;0.433
14092;0.521
14093;0.42
14094;0.454
14095;0.49
14096;0.572
14097;0.498
14098;0.46
14099;0.515
14100;0.542
14101;0.423
14102;0.523
14103;0.434
14104;0.536
14105;0.558
14106;0.476
14107;0.505
14108;0.432
14109;0.538
14110;0.536
14111;0.483
14112;0.547
14113;0.53
14114;0.503
14115;0.568
14116;0.479
14117;0.485
14118;0.549
14119;0.457
14120;0.55
14121;0.405
14122;0.551
14123;0.48
14124;0.438
14125;.
15001;0.525
15002;0.431
15003;0.481
15004;0.549
15005;0.5
15006;0.641
15007;0.472
15008;0.495
15009;0.445
15010;0.443
15011;0.437
15012;0.43
15013;0.562
15014;0.492
15015;0.44
15016;0.467
15017;0.475
15018;0.507
15019;0.464
15020;0.384
15021;0.508
15022;0.404
15023;0.41
15024;0.412
15025;0.435
15026;0.463
15027;0.476
15028;0.46
15029;0.396
15030;0.45
15031;0.385
15032;0.456
15033;0.41
15034;0.435
15035;0.412
15036;0.418
15037;0.579
15038;0.434
15039;0.402
15040;0.478
15041;0.427
15042;0.487
15043;0.455
15044;0.384
15045;0.51
15046;0.42
15047;0.478
15048;0.477
15049;0.468
15050;0.451
15051;0.422
15052;0.456
15053;0.419
15054;0.48
15055;0.565
15056;0.466
15057;0.522
15058;0.426
15059;0.457
15060;0.425
15061;0.484
15062;0.413
15063;0.453
15064;0.567
15065;0.483
15066;0.427
15067;0.422
15068;0.458
15069;0.51
15070;0.405
15071;0.464
15072;0.613
15073;0.569
15074;0.464
15075;0.485
15076;0.48
15077;0.534
15078;0.498
15079;0.441
15080;0.528
15081;0.436
15082;0.48
15083;0.501
15084;0.437
15085;0.493
15086;0.476
15087;0.446
15088;0.466
15089;0.446
15090;0.446
15091;0.39
15092;0.446
15093;0.436
15094;0.454
15095;0.408
15096;0.399
15097;0.536
15098;0.436
15099;0.476
15100;0.448
15101;0.478
15102;0.446
15103;0.401
15104;0.468
15105;0.478
15106;0.527
15107;0.523
15108;0.409
15109;0.387
15110;0.48
15111;0.433
15112;0.5
15113;0.47
15114;0.445
15115;0.397
15116;0.543
15117;0.515
15118;0.456
15119;0.44
15120;0.428
15121;0.467
15122;0.378
15123;0.492
15124;0.4
15125;0.43
16001;0.493
16002;0.494
16003;0.475
16004;0.487
16005;0.485
16006;0.437
16007;0.473
16008;0.441
16009;0.52
16010;0.531
16011;0.466
16012;0.462
16013;0.485
16014;0.533
16015;0.563
16016;0.472
16017;0.468
16018;0.418
16019;0.455
16020;0.497
16021;0.476
16022;0.461
16023;0.458
16024;0.535
16025;0.507
16026;0.49
16027;0.356
16028;0.428
16029;0.449
16030;0.467
16031;0.438
16032;0.494
16033;0.505
16034;0.445
16035;0.448
16036;0.488
16037;0.459
16038;0.432
16039;0.477
16040;0.469
16041;0.479
16042;0.454
16043;0.468
16044;0.495
16045;0.432
16046;0.517
16047;0.495
16048;0.468
16049;0.466
16050;0.496
16051;0.486
16052;0.465
16053;0.45
16054;0.497
16055;0.418
16056;0.424
16057;0.493
16058;0.446
16059;0.446
16060;0.451
16061;0.49
16062;0.523
16063;0.475
16064;0.527
16065;0.564
16066;0.509
16067;0.458
16068;0.398
16069;0.41
16070;0.421
16071;0.431
16072;0.462
16073;0.473
16074;0.527
16075;0.456
16076;0.403
16077;0.525
16078;0.458
16079;0.441
16080;0.502
16081;0.431
16082;0.485
16083;0.413
16084;0.529
16085;0.491
16086;0.488
16087;0.4
16088;0.47
16089;0.492
16090;0.442
16091;0.476
16092;0.491
16093;0.492
16094;0.428
16095;0.412
16096;0.49
16097;0.496
16098;0.529
16099;0.449
16100;0.522
16101;0.462
16102;0.508
16103;0.478
16104;0.521
16105;0.453
16106;0.445
16107;0.426
16108;0.464
16109;0.407
16110;0.462
16111;0.429
16112;0.504
16113;0.473
17001;0.563
17002;0.622
17003;0.478
17004;0.581
17005;0.537
17006;0.561
17007;0.545
17008;0.556
17009;0.551
17010;0.514
17011;0.526
17012;0.523
17013;0.565
17014;0.589
17015;0.502
17016;0.502
17017;0.513
17018;0.479
17019;0.537
17020;0.538
17021;0.624
17022;0.511
17023;0.414
17024;0.506
17025;0.465
17026;0.501
17027;0.506
17028;0.513
17029;0.534
17030;0.559
17031;0.512
17032;0.519
17033;0.493
18001;0.422
18002;0.49
18003;0.471
18004;0.45
18005;0.479
18006;0.413
18007;0.518
18008;0.438
18009;0.422
18010;0.486
18011;0.468
18012;0.504
18013;0.469
18014;0.462
18015;0.439
18016;0.509
18017;0.466
18018;0.411
18019;0.422
18020;0.476
19001;0.55
19002;0.552
19003;0.642
19004;0.406
19005;0.505
19006;0.383
19007;0.542
19008;0.54
19009;0.422
19010;0.539
19011;0.522
19012;0.492
19013;0.563
19014;0.605
19015;0.598
19016;0.472
19017;0.565
19018;0.417
19019;0.587
19020;0.544
19021;0.41
19022;0.516
19023;0.557
19024;0.57
19025;0.521
19026;0.422
19027;0.537
19028;0.484
19029;0.565
19030;0.479
19031;0.43
19032;0.658
19033;0.487
19034;0.412
19035;0.539
19036;0.514
19037;0.502
19038;0.408
19039;0.465
19040;0.546
19041;0.461
19042;0.549
19043;0.559
19044;0.462
19045;0.391
19046;0.423
19047;0.491
19048;0.381
19049;0.416
19050;0.54
19051;0.571
20001;0.568
20002;0.459
20003;0.498
20004;0.487
20005;0.509
20006;0.503
20007;0.454
20008;0.458
20009;0.387
20010;0.493
20011;0.401
20012;0.423
20013;0.443
20014;0.633
20015;0.572
20016;0.376
20017;0.475
20018;0.442
20019;0.335
20020;0.511
20021;0.445
20022;0.479
20023;0.486
20024;0.386
20025;0.437
20026;0.63
20027;0.484
20028;0.489
20029;0.412
20030;0.445
20031;0.454
20032;0.535
20033;0.417
20034;0.36
20035;0.456
20036;0.407
20037;0.352
20038;0.522
20039;0.485
20040;0.488
20041;0.519
20042;0.502
20043;0.509
20044;0.54
20045;0.45
20046;0.414
20047;0.487
20048;0.462
20049;0.427
20050;0.533
20051;0.337
20052;0.455
20053;0.42
20054;0.485
20055;0.484
20056;0.473
20057;0.533
20058;0.39
20059;0.493
20060;0.373
20061;0.444
20062;0.606
20063;0.425
20064;0.415
20065;0.473
20066;0.407
20067;0.461
20068;0.51
20069;0.315
20070;0.442
20071;0.395
20072;0.406
20073;0.489
20074;0.469
20075;0.387
20076;0.381
20077;0.473
20078;0.494
20079;0.513
20080;0.664
20081;0.454
20082;0.395
20083;0.527
20084;0.399
20085;0.402
20086;0.671
20087;0.511
20088;0.431
20089;0.427
20090;0.407
20091;0.595
20092;0.506
20093;0.416
20094;0.324
20095;0.487
20096;0.479
20097;0.345
20098;0.421
20099;0.419
20100;0.385
20101;0.459
20102;0.483
20103;0.403
20104;0.484
20105;0.334
20106;0.585
20107;0.493
20108;0.424
20109;0.391
20110;0.605
20111;0.269
20112;0.396
20113;0.378
20114;0.574
20115;0.498
20116;0.327
20117;0.351
20118;0.407
20119;0.62
20120;0.472
20121;0.66
20122;0.337
20123;0.481
20124;0.403
20125;0.393
20126;0.539
20127;0.451
20128;0.369
20129;0.373
20130;0.391
20131;0.372
20132;0.441
20133;0.598
20134;0.397
20135;0.448
20136;0.353
20137;0.388
20138;0.531
20139;0.43
20140;0.43
20141;0.421
20142;0.497
20143;0.444
20144;0.459
20145;0.492
20146;0.511
20147;0.543
20148;0.596
20149;0.417
20150;0.46
20151;0.417
20152;0.424
20153;0.471
20154;0.428
20155;0.424
20156;0.416
20157;0.503
20158;0.316
20159;0.393
20160;0.457
20161;0.568
20162;0.616
20163;0.472
20164;0.425
20165;0.535
20166;0.433
20167;0.321
20168;0.477
20169;0.368
20170;0.5
20171;0.359
20172;0.543
20173;0.548
20174;0.496
20175;0.402
20176;0.492
20177;0.492
20178;0.463
20179;0.4
20180;0.492
20181;0.509
20182;0.49
20183;0.358
20184;0.464
20185;0.549
20186;0.454
20187;0.34
20188;0.418
20189;0.378
20190;0.42
20191;0.469
20192;0.446
20193;0.425
20194;0.393
20195;0.474
20196;0.527
20197;0.397
20198;0.409
20199;0.491
20200;0.417
20201;0.335
20202;0.453
20203;0.432
20204;0.51
20205;0.384
20206;0.423
20207;0.408
20208;0.585
20209;0.605
20210;0.518
20211;0.499
20212;0.282
20213;0.523
20214;0.428
20215;0.534
20216;0.307
20217;0.4
20218;0.3
20219;0.44
20220;0.339
20221;0.447
20222;0.561
20223;0.32
20224;0.532
20225;0.38
20226;0.474
20227;0.52
20228;0.439
20229;0.327
20230;0.506
20231;0.277
20232;0.418
20233;0.432
20234;0.46
20235;0.426
20236;0.349
20237;0.449
20238;0.317
20239;0.6
20240;0.525
20241;0.391
20242;0.383
20243;0.43
20244;0.43
20245;0.454
20246;0.555
20247;0.486
20248;0.641
20249;0.436
20250;0.491
20251;0.376
20252;0.638
20253;0.424
20254;0.465
20255;0.436
20256;0.397
20257;0.451
20258;0.602
20259;0.437
20260;0.551
20261;0.391
20262;0.405
20263;0.412
20264;0.641
20265;0.375
20266;0.396
20267;0.346
20268;0.458
20269;0.663
20270;0.426
20271;0.391
20272;0.416
20273;0.427
20274;0.497
20275;0.349
20276;0.395
20277;0.4
20278;0.493
20279;0.442
20280;0.447
20281;0.47
20282;0.318
20283;0.336
20284;0.485
20285;0.426
20286;0.451
20287;0.623
20288;0.411
20289;0.478
20290;0.41
20291;0.411
20292;0.433
20293;0.475
20294;0.446
20295;0.488
20296;0.528
20297;0.483
20298;0.386
20299;0.376
20300;0.409
20301;0.568
20302;0.421
20303;0.544
20304;0.499
20305;0.417
20306;0.41
20307;0.365
20308;0.45
20309;0.368
20310;0.442
20311;0.505
20312;0.392
20313;0.515
20314;0.393
20315;0.389
20316;0.368
20317;0.599
20318;0.556
20319;0.439
20320;0.638
20321;0.439
20322;0.349
20323;0.398
20324;0.474
20325;0.359
20326;0.612
20327;0.457
20328;0.482
20329;0.375
20330;0.328
20331;0.496
20332;0.453
20333;0.441
20334;0.451
20335;0.343
20336;0.455
20337;0.495
20338;0.45
20339;0.493
20340;0.469
20341;0.576
20342;0.479
20343;0.387
20344;0.404
20345;0.44
20346;0.457
20347;0.398
20348;0.387
20349;0.431
20350;0.423
20351;0.456
20352;0.445
20353;0.394
20354;0.471
20355;0.425
20356;0.492
20357;0.38
20358;0.568
20359;0.46
20360;0.368
20361;0.547
20362;0.457
20363;0.496
20364;0.53
20365;0.433
20366;0.336
20367;0.385
20368;0.477
20369;0.447
20370;0.626
20371;0.642
20372;0.666
20373;0.454
20374;0.624
20375;0.475
20376;0.548
20377;0.377
20378;0.513
20379;0.618
20380;0.345
20381;0.49
20382;0.397
20383;0.516
20384;0.493
20385;0.474
20386;0.371
20387;0.444
20388;0.406
20389;0.598
20390;0.451
20391;0.357
20392;0.508
20393;0.36
20394;0.336
20395;0.533
20396;0.473
20397;0.51
20398;0.478
20399;0.457
20400;0.459
20401;0.531
20402;0.434
20403;0.634
20404;0.516
20405;0.521
20406;0.344
20407;0.352
20408;0.515
20409;0.487
20410;0.437
20411;0.453
20412;0.391
20413;0.604
20414;0.457
20415;0.386
20416;0.502
20417;0.405
20418;0.483
20419;0.539
20420;0.552
20421;0.454
20422;0.613
20423;0.499
20424;0.517
20425;0.269
20426;0.438
20427;0.464
20428;0.462
20429;0.342
20430;0.517
20431;0.388
20432;0.413
20433;0.311
20434;0.414
20435;0.393
20436;0.531
20437;0.441
20438;0.36
20439;0.413
20440;0.351
20441;0.435
20442;0.394
20443;0.415
20444;0.424
20445;0.661
20446;0.476
20447;0.449
20448;0.304
20449;0.379
20450;0.313
20451;0.547
20452;0.488
20453;0.368
20454;0.312
20455;0.49
20456;0.538
20457;0.243
20458;0.421
20459;0.511
20460;0.341
20461;0.471
20462;0.519
20463;0.469
20464;0.52
20465;0.476
20466;0.366
20467;0.539
20468;0.342
20469;0.454
20470;0.373
20471;0.416
20472;0.504
20473;0.445
20474;0.471
20475;0.405
20476;0.577
20477;0.423
20478;0.439
20479;0.522
20480;0.478
20481;0.464
20482;0.508
20483;0.453
20484;0.493
20485;0.39
20486;0.448
20487;0.388
20488;0.546
20489;0.361
20490;0.431
20491;0.412
20492;0.538
20493;0.419
20494;0.41
20495;0.446
20496;0.428
20497;0.538
20498;0.351
20499;0.511
20500;0.476
20501;0.465
20502;0.379
20503;0.312
20504;0.411
20505;0.377
20506;0.42
20507;0.434
20508;0.448
20509;0.367
20510;0.431
20511;0.309
20512;0.415
20513;0.414
20514;0.423
20515;0.557
20516;0.362
20517;0.464
20518;0.53
20519;0.448
20520;0.649
20521;0.629
20522;0.419
20523;0.532
20524;0.44
20525;0.378
20526;0.403
20527;0.391
20528;0.41
20529;0.537
20530;0.485
20531;0.451
20532;0.439
20533;0.431
20534;0.393
20535;0.422
20536;0.538
20537;0.476
20538;0.284
20539;0.434
20540;0.525
20541;0.377
20542;0.382
20543;0.389
20544;0.481
20545;0.468
20546;0.347
20547;0.618
20548;0.518
20549;0.445
20550;0.449
20551;0.487
20552;0.501
20553;0.533
20554;0.431
20555;0.409
20556;0.37
20557;0.437
20558;0.427
20559;0.429
20560;0.366
20561;0.425
20562;0.421
20563;0.618
20564;0.494
20565;0.512
20566;0.327
20567;0.434
20568;0.398
20569;0.307
20570;0.502
21001;0.448
21002;0.361
21003;0.551
21004;0.473
21005;0.359
21006;0.337
21007;0.33
21008;0.423
21009;0.469
21010;0.439
21011;0.372
21012;0.355
21013;0.431
21014;0.34
21015;0.471
21016;0.413
21017;0.485
21018;0.477
21019;0.516
21020;0.42
21021;0.446
21022;0.321
21023;0.36
21024;0.436
21025;0.423
21026;0.376
21027;0.436
21028;0.267
21029;0.407
21030;0.378
21031;0.352
21032;0.385
21033;0.32
21034;0.403
21035;0.482
21036;0.311
21037;0.477
21038;0.431
21039;0.367
21040;0.382
21041;0.423
21042;0.37
21043;0.447
21044;0.41
21045;0.513
21046;0.388
21047;0.514
21048;0.404
21049;0.297
21050;0.291
21051;0.478
21052;0.623
21053;0.495
21054;0.455
21055;0.463
21056;0.368
21057;0.413
21058;0.431
21059;0.644
21060;0.33
21061;0.265
21062;0.467
21063;0.417
21064;0.412
21065;0.366
21066;0.462
21067;0.469
21068;0.324
21069;0.409
21070;0.527
21071;0.515
21072;0.346
21073;0.424
21074;0.473
21075;0.374
21076;0.372
21077;0.3
21078;0.301
21079;0.397
21080;0.29
21081;0.335
21082;0.492
21083;0.416
21084;0.335
21085;0.454
21086;0.327
21087;0.325
21088;0.403
21089;0.345
21090;0.431
21091;0.455
21092;0.375
21093;0.351
21094;0.483
21095;0.362
21096;0.383
21097;0.462
21098;0.423
21099;0.357
21100;0.315
21101;0.348
21102;0.359
21103;0.403
21104;0.464
21105;0.425
21106;0.41
21107;0.326
21108;0.432
21109;0.413
21110;0.398
21111;0.383
21112;0.462
21113;0.503
21114;0.485
21115;0.347
21116;0.345
21117;0.482
21118;0.476
21119;0.506
21120;0.373
21121;0.34
21122;0.399
21123;0.278
21124;0.408
21125;0.455
21126;0.386
21127;0.515
21128;0.375
21129;0.353
21130;0.374
21131;0.348
21132;0.469
21133;0.333
21134;0.379
21135;0.594
21136;0.399
21137;0.38
21138;0.324
21139;0.42
21140;0.542
21141;0.518
21142;0.394
21143;0.405
21144;0.403
21145;0.285
21146;0.501
21147;0.466
21148;0.357
21149;0.398
21150;0.393
21151;0.421
21152;0.361
21153;0.429
21154;0.463
21155;0.433
21156;0.477
21157;0.471
21158;0.366
21159;0.364
21160;0.399
21161;0.412
21162;0.428
21163;0.354
21164;0.498
21165;0.307
21166;0.47
21167;0.326
21168;0.385
21169;0.474
21170;0.391
21171;0.381
21172;0.449
21173;0.527
21174;0.443
21175;0.365
21176;0.505
21177;0.411
21178;0.282
21179;0.403
21180;0.391
21181;0.418
21182;0.368
21183;0.332
21184;0.34
21185;0.361
21186;0.51
21187;0.386
21188;0.36
21189;0.421
21190;0.381
21191;0.489
21192;0.375
21193;0.324
21194;0.469
21195;0.304
21196;0.48
21197;0.532
21198;0.471
21199;0.413
21200;0.393
21201;0.347
21202;0.349
21203;0.378
21204;0.432
21205;0.357
21206;0.41
21207;0.495
21208;0.484
21209;0.437
21210;0.393
21211;0.485
21212;0.391
21213;0.372
21214;0.404
21215;0.334
21216;0.437
21217;0.355
22001;0.542
22002;0.531
22003;0.542
22004;0.54
22005;0.454
22006;0.55
22007;0.568
22008;0.469
22009;0.562
22010;0.418
22011;0.465
22012;0.496
22013;0.434
22014;0.481
22015;0.605
22016;0.446
22017;0.491
22018;0.515
23001;0.566
23002;0.535
23003;0.441
23004;0.539
23005;0.545
23006;0.553
23007;0.485
23008;0.502
23009;.
24001;0.474
24002;0.45
24003;0.441
24004;0.411
24005;0.532
24006;0.45
24007;0.44
24008;0.492
24009;0.548
24010;0.456
24011;0.467
24012;0.534
24013;0.463
24014;0.453
24015;0.465
24016;0.46
24017;0.398
24018;0.497
24019;0.453
24020;0.428
24021;0.432
24022;0.465
24023;0.535
24024;0.523
24025;0.54
24026;0.383
24027;0.503
24028;0.486
24029;0.477
24030;0.43
24031;0.453
24032;0.51
24033;0.476
24034;0.485
24035;0.434
24036;0.484
24037;0.564
24038;0.456
24039;0.476
24040;0.542
24041;0.404
24042;0.541
24043;0.514
24044;0.458
24045;0.473
24046;0.432
24047;0.382
24048;0.429
24049;0.407
24050;0.442
24051;0.403
24052;0.455
24053;0.546
24054;0.453
24055;0.431
24056;0.432
24057;0.512
24058;0.44
25001;0.446
25002;0.426
25003;0.488
25004;0.514
25005;0.58
25006;0.453
25007;0.568
25008;0.457
25009;0.443
25010;0.498
25011;0.433
25012;0.509
25013;0.517
25014;0.536
25015;0.456
25016;0.525
25017;0.522
25018;0.411
26001;0.549
26002;0.444
26003;0.547
26004;0.654
26005;0.571
26006;0.589
26007;0.586
26008;0.552
26009;0.61
26010;0.625
26011;0.635
26012;0.52
26013;0.642
26014;0.538
26015;0.619
26016;0.473
26017;0.479
26018;0.424
26019;0.411
26020;0.541
26021;0.529
26022;0.511
26023;0.617
26024;0.593
26025;0.435
26026;0.565
26027;0.565
26028;0.567
26029;0.514
26030;0.459
26031;0.626
26032;0.499
26033;0.509
26034;0.578
26035;0.639
26036;0.522
26037;0.585
26038;0.616
26039;0.645
26040;0.49
26041;0.558
26042;0.48
26043;0.386
26044;0.541
26045;0.545
26046;0.619
26047;0.575
26048;0.573
26049;0.502
26050;0.62
26051;0.538
26052;0.612
26053;0.659
26054;0.482
26055;0.504
26056;0.528
26057;0.545
26058;0.637
26059;0.596
26060;0.635
26061;0.591
26062;0.483
26063;0.509
26064;0.592
26065;0.705
26066;0.524
26067;0.541
26068;0.513
26069;0.56
26070;0.649
26071;0.503
26072;0.462
27001;0.498
27002;0.467
27003;0.495
27004;0.5
27005;0.467
27006;0.432
27007;0.465
27008;0.457
27009;0.478
27010;0.497
27011;0.485
27012;0.519
27013;0.513
27014;0.454
27015;0.494
27016;0.467
27017;0.44
28001;0.479
28002;0.504
28003;0.466
28004;0.505
28005;0.483
28006;0.424
28007;0.567
28008;0.365
28009;0.464
28010;0.485
28011;0.458
28012;0.487
28013;0.429
28014;0.572
28015;0.553
28016;0.461
28017;0.535
28018;0.481
28019;0.46
28020;0.469
28021;0.436
28022;0.47
28023;0.459
28024;0.512
28025;0.474
28026;0.429
28027;0.497
28028;0.396
28029;0.503
28030;0.469
28031;0.452
28032;0.443
28033;0.475
28034;0.388
28035;0.441
28036;0.314
28037;0.469
28038;0.479
28039;0.529
28040;0.526
28041;0.531
28042;0.425
28043;0.475
29001;0.471
29002;0.47
29003;0.447
29004;0.436
29005;0.445
29006;0.499
29007;0.419
29008;0.43
29009;0.451
29010;0.496
29011;0.447
29012;0.356
29013;0.522
29014;0.41
29015;0.475
29016;0.506
29017;0.38
29018;0.51
29019;0.478
29020;0.413
29021;0.423
29022;0.405
29023;0.466
29024;0.584
29025;0.463
29026;0.501
29027;0.364
29028;0.404
29029;0.437
29030;0.396
29031;0.495
29032;0.438
29033;0.574
29034;0.487
29035;0.426
29036;0.517
29037;0.446
29038;0.492
29039;0.528
29040;0.497
29041;0.475
29042;0.4
29043;0.502
29044;0.492
29045;0.456
29046;0.357
29047;0.399
29048;0.438
29049;0.529
29050;0.458
29051;0.462
29052;0.385
29053;0.465
29054;0.451
29055;0.441
29056;0.464
29057;0.478
29058;0.393
29059;0.411
29060;0.452
30001;0.46
30002;0.356
30003;0.487
30004;0.491
30005;0.426
30006;0.449
30007;0.433
30008;0.43
30009;0.382
30010;0.521
30011;0.491
30012;0.393
30013;0.557
30014;0.46
30015;0.454
30016;0.454
30017;0.431
30018;0.502
30019;0.48
30020;0.365
30021;0.433
30022;0.448
30023;0.399
30024;0.425
30025;0.446
30026;0.479
30027;0.472
30028;0.526
30029;0.461
30030;0.506
30031;0.429
30032;0.492
30033;0.492
30034;0.59
30035;0.487
30036;0.424
30037;0.353
30038;0.527
30039;0.456
30040;0.476
30041;0.395
30042;0.557
30043;0.405
30044;0.527
30045;0.424
30046;0.481
30047;0.515
30048;0.494
30049;0.471
30050;0.404
30051;0.474
30052;0.445
30053;0.489
30054;0.423
30055;0.465
30056;0.451
30057;0.356
30058;0.521
30059;0.483
30060;0.445
30061;0.498
30062;0.485
30063;0.49
30064;0.394
30065;0.518
30066;0.487
30067;0.359
30068;0.525
30069;0.526
30070;0.404
30071;0.566
30072;0.527
30073;0.479
30074;0.453
30075;0.499
30076;0.348
30077;0.47
30078;0.433
30079;0.417
30080;0.454
30081;0.474
30082;0.473
30083;0.476
30084;0.374
30085;0.459
30086;0.426
30087;0.539
30088;0.369
30089;0.431
30090;0.517
30091;0.487
30092;0.541
30093;0.413
30094;0.476
30095;0.428
30096;0.377
30097;0.482
30098;0.38
30099;0.411
30100;0.458
30101;0.553
30102;0.48
30103;0.38
30104;0.393
30105;0.515
30106;0.406
30107;0.45
30108;0.496
30109;0.505
30110;0.323
30111;0.526
30112;0.467
30113;0.489
30114;0.511
30115;0.487
30116;0.53
30117;0.454
30118;0.469
30119;0.527
30120;0.484
30121;0.514
30122;0.374
30123;0.437
30124;0.521
30125;0.454
30126;0.461
30127;0.382
30128;0.51
30129;0.562
30130;0.502
30131;0.464
30132;0.488
30133;0.42
30134;0.54
30135;0.471
30136;0.423
30137;0.361
30138;0.436
30139;0.46
30140;0.349
30141;0.494
30142;0.464
30143;0.458
30144;0.458
30145;0.544
30146;0.473
30147;0.426
30148;0.56
30149;0.396
30150;0.436
30151;0.5
30152;0.465
30153;0.445
30154;0.423
30155;0.548
30156;0.384
30157;0.472
30158;0.499
30159;0.414
30160;0.482
30161;0.586
30162;0.435
30163;0.346
30164;0.589
30165;0.395
30166;0.353
30167;0.505
30168;0.412
30169;0.462
30170;0.351
30171;0.393
30172;0.418
30173;0.476
30174;0.423
30175;0.527
30176;0.455
30177;0.41
30178;0.514
30179;0.485
30180;0.369
30181;0.541
30182;0.487
30183;0.54
30184;0.457
30185;0.463
30186;0.483
30187;0.366
30188;0.475
30189;0.536
30190;0.401
30191;0.396
30192;0.509
30193;0.518
30194;0.396
30195;0.321
30196;0.469
30197;0.442
30198;0.418
30199;0.413
30200;0.436
30201;0.476
30202;0.352
30203;0.416
30204;0.445
30205;0.458
30206;0.388
30207;0.44
30208;0.434
30209;0.424
30210;0.423
30211;0.467
30212;0.426
31001;0.585
31002;0.413
31003;0.474
31004;0.385
31005;0.347
31006;0.421
31007;0.334
31008;0.377
31009;0.424
31010;0.382
31011;0.326
31012;0.44
31013;0.416
31014;0.395
31015;0.311
31016;0.387
31017;0.317
31018;0.38
31019;0.374
31020;0.411
31021;0.48
31022;0.283
31023;0.349
31024;0.397
31025;0.419
31026;0.364
31027;0.471
31028;0.434
31029;0.4
31030;0.366
31031;0.312
31032;0.485
31033;0.413
31034;0.387
31035;0.411
31036;0.335
31037;0.35
31038;0.526
31039;0.429
31040;0.458
31041;0.522
31042;0.388
31043;0.311
31044;0.338
31045;0.321
31046;0.357
31047;0.419
31048;0.426
31049;0.418
31050;0.541
31051;0.384
31052;0.494
31053;0.455
31054;0.331
31055;0.359
31056;0.626
31057;0.462
31058;0.586
31059;0.479
31060;0.36
31061;0.356
31062;0.325
31063;0.309
31064;0.362
31065;0.393
31066;0.4
31067;0.371
31068;0.439
31069;0.411
31070;0.455
31071;0.427
31072;0.376
31073;0.386
31074;0.347
31075;0.52
31076;0.374
31077;0.452
31078;0.372
31079;0.53
31080;0.356
31081;0.366
31082;0.45
31083;0.43
31084;0.393
31085;0.4
31086;0.365
31087;0.336
31088;0.328
31089;0.557
31090;0.359
31091;0.433
31092;0.315
31093;0.409
31094;0.514
31095;0.403
31096;0.553
31097;0.446
31098;0.49
31099;0.401
31100;0.385
31101;0.445
31102;0.545
31103;0.382
31104;0.345
31105;0.362
31106;0.499
32001;0.523
32002;0.523
32003;0.499
32004;0.442
32005;0.508
32006;0.488
32007;0.402
32008;0.494
32009;0.511
32010;0.479
32011;0.532
32012;0.452
32013;0.462
32014;0.452
32015;0.342
32016;0.529
32017;0.55
32018;0.494
32019;0.55
32020;0.435
32021;0.527
32022;0.558
32023;0.508
32024;0.491
32025;0.495
32026;0.425
32027;0.382
32028;0.476
32029;0.471
32030;0.506
32031;0.458
32032;0.443
32033;0.484
32034;0.483
32035;0.511
32036;0.48
32037;0.485
32038;0.512
32039;0.449
32040;0.486
32041;0.438
32042;0.471
32043;0.441
32044;0.542
32045;0.509
32046;0.442
32047;0.544
32048;0.554
32049;0.537
32050;0.444
32051;0.523
32052;0.508
32053;0.57
32054;0.589
32055;0.463
32056;0.498
32057;0.483
32058;0.5
