Clave;Nombre;ratebasiced
1001;Aguascalientes;0.445542593105292
1002;Asientos;0.673700109849872
1003;Calvillo;0.724197944373297
1004;Cosío;0.620753469927297
1005;Jesús María;0.643657216356718
1006;Pabellón de Arteaga;0.530582382206614
1007;Rincón de Romos;0.539920402858999
1008;San José de Gracia;0.616767922235723
1009;Tepezalá;0.673246753246753
1010;El Llano;0.690626408292023
1011;San Francisco de los Romo;0.660277993611327
1996;No especificado;.
1997;Otros estados;.
2001;Ensenada;0.487833364028803
2002;Mexicali;0.415308242663692
2003;Tecate;0.500252786142923
2004;Tijuana;0.453865043906527
2005;Playas de Rosarito;0.538646086252746
2996;No especificado;.
2997;Otros estados;.
3001;Comondú;0.548577036310108
3002;Mulegé;0.549916079221215
3003;La Paz;0.387591090738129
3008;Los Cabos;0.471477307077773
3009;Loreto;0.52942681678608
3996;No especificado;.
3997;Otros estados;.
4001;Calkiní;0.596261803549989
4002;Campeche;0.47202558120827
4003;Carmen;0.530601097789199
4004;Champotón;0.701427528961051
4005;Hecelchakán;0.611320056723596
4006;Hopelchén;0.741124101684007
4007;Palizada;0.696958525345622
4008;Tenabo;0.658554044380816
4009;Escárcega;0.716008771929825
4010;Calakmul;0.854697286012526
4011;Candelaria;0.806738440834375
4996;No especificado;.
4997;Otros estados;.
5001;Abasolo;0.525188916876574
5002;Acuña;0.525815486462783
5003;Allende;0.556889314382502
5004;Arteaga;0.690441415124959
5005;Candela;0.71721677074041
5006;Castaños;0.512403471605276
5007;Cuatro Ciénegas;0.619010518114531
5008;Escobedo;0.668757126567845
5009;Francisco I. Madero;0.571875311886623
5010;Frontera;0.486271298255192
5011;General Cepeda;0.711412151067323
5012;Guerrero;0.72110365398956
5013;Hidalgo;0.709782608695652
5014;Jiménez;0.815253965710623
5015;Juárez;0.665683382497542
5016;Lamadrid;0.527272727272727
5017;Matamoros;0.544532281516889
5018;Monclova;0.400341304799022
5019;Morelos;0.534657650042265
5020;Múzquiz;0.546447026856547
5021;Nadadores;0.493120393120393
5022;Nava;0.563187397999007
5023;Ocampo;0.643798396956935
5024;Parras;0.522731343818293
5025;Piedras Negras;0.46841867119954
5026;Progreso;0.73345259391771
5027;Ramos Arizpe;0.503084491644542
5028;Sabinas;0.485637904556055
5029;Sacramento;0.504431314623338
5030;Saltillo;0.3839392759628
5031;San Buenaventura;0.470367922449879
5032;San Juan de Sabinas;0.470801089137289
5033;San Pedro;0.605795183450293
5034;Sierra Mojada;0.605111294311624
5035;Torreón;0.389146823254513
5036;Viesca;0.691146134169486
5037;Villa Unión;0.697470573503631
5038;Zaragoza;0.629080833634502
5996;No especificado;.
5997;Otros estados;.
5998;Otros municipios;.
6001;Armería;0.691526219977685
6002;Colima;0.411619297017857
6003;Comala;0.656989690721649
6004;Coquimatlán;0.634463619807475
6005;Cuauhtémoc;0.562424242424242
6006;Ixtlahuacán;0.733790345615538
6007;Manzanillo;0.502501842442108
6008;Minatitlán;0.630926185237047
6009;Tecomán;0.666326765566922
6010;Villa de Álvarez;0.373941250675797
6996;No especificado;.
6997;Otros estados;.
7001;Acacoyagua;0.79938080495356
7002;Acala;0.74583973374296
7003;Acapetahua;0.763094921563414
7004;Altamirano;0.83606936416185
7005;Amatán;0.909319140389636
7006;Amatenango de la Frontera;0.849707090431621
7007;Amatenango del Valle;0.947385728378823
7008;Angel Albino Corzo;0.803295490381583
7009;Arriaga;0.639160332971408
7010;Bejucal de Ocampo;0.925905446502627
7011;Bella Vista;0.848568065908199
7012;Berriozábal;0.760023446658851
7013;Bochil;0.770274716236223
7014;El Bosque;0.888081620034008
7015;Cacahoatán;0.663634076806976
7016;Catazajá;0.73780253553592
7017;Cintalapa;0.718204425497361
7018;Coapilla;0.866857551896922
7019;Comitán de Domínguez;0.676455266643845
7020;La Concordia;0.817324440290582
7021;Copainalá;0.743367346938775
7022;Chalchihuitán;0.955819320804484
7023;Chamula;0.976968819809332
7024;Chanal;0.88876113825812
7025;Chapultenango;0.848111658456486
7026;Chenalhó;0.945267010480785
7027;Chiapa de Corzo;0.674693216022227
7028;Chiapilla;0.864775128282523
7029;Chicoasén;0.723655121591746
7030;Chicomuselo;0.839781299743927
7031;Chilón;0.879575612852522
7032;Escuintla;0.748420729837473
7033;Francisco León;0.892659535226854
7034;Frontera Comalapa;0.772873036649215
7035;Frontera Hidalgo;0.680385949042665
7036;La Grandeza;0.836329233680227
7037;Huehuetán;0.663448927128692
7038;Huixtán;0.911849413700885
7039;Huitiupán;0.910086231954268
7040;Huixtla;0.634375103569416
7041;La Independencia;0.931725222863136
7042;Ixhuatán;0.85061903795413
7043;Ixtacomitán;0.738779342723005
7044;Ixtapa;0.838020247469066
7045;Ixtapangajoya;0.889943074003795
7046;Jiquipilas;0.733505361035725
7047;Jitotol;0.842190252495596
7048;Juárez;0.731266149870801
7049;Larráinzar;0.907998219320374
7050;La Libertad;0.797192781437983
7051;Mapastepec;0.76623433915652
7052;Las Margaritas;0.881882913203746
7053;Mazapa de Madero;0.836930455635492
7054;Mazatán;0.694142314244529
7055;Metapa;0.633653527658165
7056;Mitontic;0.952913008778931
7057;Motozintla;0.790902679830748
7058;Nicolás Ruíz;.
7059;Ocosingo;0.821852895906473
7060;Ocotepec;0.927698574338086
7061;Ocozocoautla de Espinosa;0.778436699932076
7062;Ostuacán;0.842858668945625
7063;Osumacinta;0.761066666666667
7064;Oxchuc;0.847805076555267
7065;Palenque;0.734802479183622
7066;Pantelhó;0.91882951653944
7067;Pantepec;0.910299704516674
7068;Pichucalco;0.69625061939107
7069;Pijijiapan;0.744822536782651
7070;El Porvenir;0.836826107822748
7071;Villa Comaltitlán;0.772074190177638
7072;Pueblo Nuevo Solistahuacán;0.882321041214751
7073;Rayón;0.790909090909091
7074;Reforma;0.625150254276468
7075;Las Rosas;0.871978154365111
7076;Sabanilla;0.900957255236471
7077;Salto de Agua;0.85778029873322
7078;San Cristóbal de las Casas;0.561338426504077
7079;San Fernando;0.807678311499272
7080;Siltepec;0.865420350244946
7081;Simojovel;0.853548966756514
7082;Sitalá;0.904953685058397
7083;Socoltenango;0.873636461820931
7084;Solosuchiapa;0.818619582664527
7085;Soyaló;0.831862312444837
7086;Suchiapa;0.668847097301717
7087;Suchiate;0.730396186092389
7088;Sunuapa;0.787195671776375
7089;Tapachula;0.551212707811433
7090;Tapalapa;0.87126774351444
7091;Tapilula;0.710468828768274
7092;Tecpatán;0.824727507851469
7093;Tenejapa;0.936207951070336
7094;Teopisca;0.883021435862538
7096;Tila;0.852399002170603
7097;Tonalá;0.658615393820931
7098;Totolapa;0.845052893590541
7099;La Trinitaria;0.90386659037031
7100;Tumbalá;0.852402578376795
7101;Tuxtla Gutiérrez;0.42296445976465
7102;Tuxtla Chico;0.619770420263732
7103;Tuzantán;0.758109090909091
7104;Tzimol;0.892152970755591
7105;Unión Juárez;0.692817932296432
7106;Venustiano Carranza;0.795149334739323
7107;Villa Corzo;0.773781985548375
7108;Villaflores;0.700416936903549
7109;Yajalón;0.757146673791077
7110;San Lucas;0.883116883116883
7111;Zinacantán;0.963704077767959
7112;San Juan Cancuc;0.902275769745649
7113;Aldama;0.973700688791484
7114;Benemérito de las Américas;0.887971373520506
7115;Maravilla Tenejapa;0.95137950993633
7116;Marqués de Comillas;0.874937091092099
7117;Montecristo de Guerrero;0.862846580406654
7118;San Andrés Duraznal;0.916400765794512
7119;Santiago el Pinar;0.940667490729295
7996;No especificado;.
7997;Otros estados;.
7998;Otros municipios;.
8001;Ahumada;0.751570680628272
8002;Aldama;0.640377804014168
8003;Allende;0.614151747655584
8004;Aquiles Serdán;0.624442240951909
8005;Ascensión;0.708937378568226
8006;Bachíniva;0.825752432677076
8007;Balleza;0.858225773407089
8008;Batopilas;0.903137198207315
8009;Bocoyna;0.730933713471133
8010;Buenaventura;0.697000154631205
8011;Camargo;0.544949210865897
8012;Carichí;0.875271363726071
8013;Casas Grandes;0.735977688255345
8014;Coronado;0.685483870967742
8015;Coyame del Sotol;0.816101694915254
8016;La Cruz;0.655705229793978
8017;Cuauhtémoc;0.611527612826603
8018;Cusihuiriachi;0.890124095139607
8019;Chihuahua;0.404767898062635
8020;Chínipas;0.809804928131417
8021;Delicias;0.486961647381437
8022;Dr. Belisario Domínguez;0.818278427205101
8023;Galeana;0.700946643717728
8024;Santa Isabel;0.764375
8025;Gómez Farías;0.712504270584216
8026;Gran Morelos;0.800218738607364
8027;Guachochi;0.813683852883717
8028;Guadalupe;0.735210824417873
8029;Guadalupe y Calvo;0.863383697071442
8030;Guazapares;0.857829220353789
8031;Guerrero;0.763519924098672
8032;Hidalgo del Parral;0.508694485041907
8033;Huejotitán;0.864516129032258
8034;Ignacio Zaragoza;0.770485511418154
8035;Janos;0.826913779210314
8036;Jiménez;0.547865096531283
8037;Juárez;0.516217584122056
8038;Julimes;0.743208464398055
8039;López;0.662239770279971
8040;Madera;0.728772821816501
8041;Maguarichi;0.878986866791745
8042;Manuel Benavides;0.822784810126582
8043;Matachí;0.731640979147779
8044;Matamoros;0.691547375596455
8045;Meoqui;0.651991058235138
8046;Morelos;0.878991596638655
8047;Moris;0.850359262730397
8048;Namiquipa;0.773146060176535
8049;Nonoava;0.828342245989305
8050;Nuevo Casas Grandes;0.582572708203413
8051;Ocampo;0.856161347517731
8052;Ojinaga;0.637666074817853
8053;Praxedis G. Guerrero;0.764261892223978
8054;Riva Palacio;0.890627657764926
8055;Rosales;0.689117617667633
8056;Rosario;0.816085489313836
8057;San Francisco de Borja;0.775461584276355
8058;San Francisco de Conchos;0.668045501551189
8059;San Francisco del Oro;0.544755764939251
8060;Santa Bárbara;0.53619997409662
8061;Satevó;0.830194063926941
8062;Saucillo;0.626137586848028
8063;Temósachic;0.816901408450704
8064;El Tule;0.852960745176314
8065;Urique;0.855317475919009
8066;Uruachi;0.877391483233902
8067;Valle de Zaragoza;0.798609179415855
8996;No especificado;.
8997;Otros estados;.
8998;Otros municipios;.
9002;Azcapotzalco;0.324846361811069
9003;Coyoacán;0.259912971302719
9004;Cuajimalpa de Morelos;0.373099859681946
9005;Gustavo A. Madero;0.357272420858428
9006;Iztacalco;0.339747243134344
9007;Iztapalapa;0.389901713851008
9008;La Magdalena Contreras;0.385280335048585
9009;Milpa Alta;0.43899920199033
9010;Álvaro Obregón;0.358554166465544
9011;Tláhuac;0.36555433935844
9012;Tlalpan;0.324337804720135
9013;Xochimilco;0.358703757930698
9014;Benito Juárez;0.178325678104888
9015;Cuauhtémoc;0.300013654198408
9016;Miguel Hidalgo;0.282931120233385
9017;Venustiano Carranza;0.335799588436351
9996;No especificado;.
9997;Otros estados;.
10001;Canatlán;0.639048193983298
10002;Canelas;0.858870967741935
10003;Coneto de Comonfort;0.79261933413558
10004;Cuencamé;0.691668702663083
10005;Durango;0.467429391115872
10006;General Simón Bolívar;0.794912060301508
10007;Gómez Palacio;0.503820234723235
10008;Guadalupe Victoria;0.651368483121223
10009;Guanaceví;0.81852184320766
10010;Hidalgo;0.710044874007594
10011;Indé;0.789366573390995
10012;Lerdo;0.552944766554776
10013;Mapimí;0.717342586568351
10014;Mezquital;0.860368472087547
10015;Nazas;0.67966145165427
10016;Nombre de Dios;0.705171664493698
10017;Ocampo;0.663647342995169
10018;El Oro;0.684074393398202
10019;Otáez;0.898571428571429
10020;Pánuco de Coronado;0.682232761765779
10021;Peñón Blanco;0.667178856791641
10022;Poanas;0.703782735208535
10023;Pueblo Nuevo;0.712947963175155
10024;Rodeo;0.657602300954373
10025;San Bernardo;0.822246065808298
10026;San Dimas;0.759381715986113
10027;San Juan de Guadalupe;0.799128875224187
10028;San Juan del Río;0.740829029267647
10029;San Luis del Cordero;0.776570985259891
10030;San Pedro del Gallo;0.750623441396509
10031;Santa Clara;0.743514439549682
10032;Santiago Papasquiaro;0.69906015037594
10033;Súchil;0.722448979591837
10034;Tamazula;0.867770284079297
10035;Tepehuanes;0.808242843040474
10036;Tlahualilo;0.611995959909875
10037;Topia;0.842361533779671
10038;Vicente Guerrero;0.62124674915281
10039;Nuevo Ideal;0.745119874230316
10996;No especificado;.
10997;Otros estados;.
10998;Otros municipios;.
11001;Abasolo;0.787062879658513
11002;Acámbaro;0.680602792755427
11003;San Miguel de Allende;0.681881854090685
11004;Apaseo el Alto;0.726918604651163
11005;Apaseo el Grande;0.705123879302034
11006;Atarjea;0.821236559139785
11007;Celaya;0.487957495612986
11008;Manuel Doblado;0.815733828162085
11009;Comonfort;0.689384277916645
11010;Coroneo;0.782260596546311
11011;Cortazar;0.638430425364694
11012;Cuerámaro;0.76158898169993
11013;Doctor Mora;0.785072502446402
11014;Dolores Hidalgo Cuna de la Independencia Nacional;0.737096774193548
11015;Guanajuato;0.496790997208607
11016;Huanímaro;0.789490915043379
11017;Irapuato;0.578881817164435
11018;Jaral del Progreso;0.691924805489779
11019;Jerécuaro;0.863862602924911
11020;León;0.559511471957437
11021;Moroleón;0.682288161517284
11022;Ocampo;0.837131020196789
11023;Pénjamo;0.77264659589431
11024;Pueblo Nuevo;0.780657582938389
11025;Purísima del Rincón;0.802273832230076
11026;Romita;0.807777488275143
11027;Salamanca;0.575823645035991
11028;Salvatierra;0.716774860317153
11029;San Diego de la Unión;0.845878889823381
11030;San Felipe;0.793056566198154
11031;San Francisco del Rincón;0.742712438523923
11032;San José Iturbide;0.655617464664589
11033;San Luis de la Paz;0.725483698753705
11034;Santa Catarina;0.764326375711575
11035;Santa Cruz de Juventino Rosas;0.72554759010741
11036;Santiago Maravatío;0.777824709609293
11037;Silao;0.689557670084335
11038;Tarandacuao;0.719183564567769
11039;Tarimoro;0.77801724137931
11040;Tierra Blanca;0.790893343231873
11041;Uriangato;0.749848663918596
11042;Valle de Santiago;0.735500264945325
11043;Victoria;0.772384355767322
11044;Villagrán;0.574232789604645
11045;Xichú;0.842845849802372
11046;Yuriria;0.802333636402996
11996;No especificado;.
11997;Otros estados;.
11998;Otros municipios;.
12001;Acapulco de Juárez;0.477794407985911
12002;Ahuacuotzingo;0.937055514276616
12003;Ajuchitlán del Progreso;0.802689603982011
12004;Alcozauca de Guerrero;0.908067293681282
12005;Alpoyeca;0.740751529274687
12006;Apaxtla;0.720139728604058
12007;Arcelia;0.689238148696229
12008;Atenango del Río;0.803347280334728
12009;Atlamajalcingo del Monte;0.801656003010915
12010;Atlixtac;0.925525084839035
12011;Atoyac de Álvarez;0.658759949950749
12012;Ayutla de los Libres;0.790874393975862
12013;Azoyú;0.721845756695708
12014;Benito Juárez;0.563632876186823
12015;Buenavista de Cuéllar;0.6481180442666
12016;Coahuayutla de José María Izazaga;0.920966371251669
12017;Cocula;0.744173840016796
12018;Copala;0.704282251548613
12019;Copalillo;0.874832564369698
12020;Copanatoyac;0.851448832375596
12021;Coyuca de Benítez;0.67302263266185
12022;Coyuca de Catalán;0.774886334232802
12023;Cuajinicuilapa;0.756833712984055
12024;Cualác;0.806046776953793
12025;Cuautepec;0.764998814322978
12026;Cuetzala del Progreso;0.865591397849462
12027;Cutzamala de Pinzón;0.852755546880083
12028;Chilapa de Álvarez;0.807773949959982
12029;Chilpancingo de los Bravo;0.431604520967572
12030;Florencio Villarreal;0.704268292682927
12031;General Canuto A. Neri;0.871985157699443
12032;General Heliodoro Castillo;0.884514141697004
12033;Huamuxtitlán;0.732655502392344
12034;Huitzuco de los Figueroa;0.720382224696169
12035;Iguala de la Independencia;0.483619756938329
12036;Igualapa;0.767036162093404
12037;Ixcateopan de Cuauhtémoc;0.772552783109405
12038;Zihuatanejo de Azueta;0.531134982096761
12039;Juan R. Escudero;0.698713504352515
12040;Leonardo Bravo;0.810082537627448
12041;Malinaltepec;0.751867033522376
12042;Mártir de Cuilapan;0.877761214256674
12043;Metlatónoc;0.939790748173982
12044;Mochitlán;0.738111074160293
12045;Olinalá;0.826573774570789
12046;Ometepec;0.674603733709052
12047;Pedro Ascencio Alquisiras;0.922596475574392
12048;Petatlán;0.700018152114721
12049;Pilcaya;0.7738329052727
12050;Pungarabato;0.5933581369712
12051;Quechultenango;0.865948053437303
12052;San Luis Acatlán;0.793884426017103
12053;San Marcos;0.756809129077403
12054;San Miguel Totolapan;0.84925422605237
12055;Taxco de Alarcón;0.59732451998741
12056;Tecoanapa;0.723228925793567
12057;Técpan de Galeana;0.678179580507476
12058;Teloloapan;0.726821919527964
12059;Tepecoacuilco de Trujano;0.741141785044224
12060;Tetipac;0.842870358134003
12061;Tixtla de Guerrero;0.577722320871527
12062;Tlacoachistlahuaca;0.887644465626117
12063;Tlacoapa;0.837214225232853
12064;Tlalchapa;0.708364174685418
12065;Tlalixtaquilla de Maldonado;0.868560289612921
12066;Tlapa de Comonfort;0.65010580840782
12067;Tlapehuala;0.691209836785479
12068;La Unión de Isidoro Montes de Oca;0.777188008926956
12069;Xalpatláhuac;0.906154886709503
12070;Xochihuehuetlán;0.821301247771836
12071;Xochistlahuaca;0.890443631737955
12072;Zapotitlán Tablas;0.898353751914242
12073;Zirándaro;0.869682242990654
12074;Zitlala;0.887367303609342
12075;Eduardo Neri;0.668058191018343
12076;Acatepec;0.932233981458692
12077;Marquelia;.
12078;Cochoapa el Grande;.
12079;José Joaquín de Herrera;.
12080;Juchitán;.
12081;Iliatenco;.
12996;No especificado;.
12997;Otros estados;.
12998;Otros municipios;.
13001;Acatlán;0.76748394101149
13002;Acaxochitlán;0.810325476992144
13003;Actopan;0.514351898479202
13004;Agua Blanca de Iturbide;0.786565123999219
13005;Ajacuba;0.649580812904595
13006;Alfajayucan;0.743646613067184
13007;Almoloya;0.674880640689974
13008;Apan;0.529503936406023
13009;El Arenal;0.60413870246085
13010;Atitalaquia;0.522090592334495
13011;Atlapexco;0.704872646733112
13012;Atotonilco el Grande;0.713134006221037
13013;Atotonilco de Tula;0.49422675347009
13014;Calnali;0.784362549800797
13015;Cardonal;0.641644152836743
13016;Cuautepec de Hinojosa;0.694537952003475
13017;Chapantongo;0.764118692738958
13018;Chapulhuacán;0.785583941605839
13019;Chilcuautla;0.67969776609724
13020;Eloxochitlán;0.789371038517796
13021;Emiliano Zapata;0.517892156862745
13022;Epazoyucan;0.57404121741504
13023;Francisco I. Madero;0.508755454896978
13024;Huasca de Ocampo;0.745160580730312
13025;Huautla;0.695974721802445
13026;Huazalingo;0.748746771988455
13027;Huehuetla;0.825526043463263
13028;Huejutla de Reyes;0.642652097416427
13029;Huichapan;0.666487957769713
13030;Ixmiquilpan;0.586864178364275
13031;Jacala de Ledezma;0.741493268053856
13032;Jaltocán;0.761063381423245
13033;Juárez Hidalgo;0.760959852330411
13034;Lolotla;0.704654629783005
13035;Metepec;0.715627936110241
13036;San Agustín Metzquititlán;0.68771988607807
13037;Metztitlán;0.781816807738815
13038;Mineral del Chico;0.710382513661202
13039;Mineral del Monte;0.499712676703827
13040;La Misión;0.895184566307155
13041;Mixquiahuala de Juárez;0.530141843971631
13042;Molango de Escamilla;0.65696557837199
13043;Nicolás Flores;0.797741530740276
13044;Nopala de Villagrán;0.730378960447298
13045;Omitlán de Juárez;0.639628971778172
13046;San Felipe Orizatlán;0.791843871089689
13047;Pacula;0.884181651935386
13048;Pachuca de Soto;0.334467955691242
13049;Pisaflores;0.849025069637883
13050;Progreso de Obregón;0.491505048886039
13051;Mineral de la Reforma;0.322927383021746
13052;San Agustín Tlaxiaca;0.610959599162808
13053;San Bartolo Tutotepec;0.848174247277386
13054;San Salvador;0.547743570388742
13055;Santiago de Anaya;0.658876352751554
13056;Santiago Tulantepec de Lugo Guerrero;0.561324082784572
13057;Singuilucan;0.697900785739416
13058;Tasquillo;0.653578576193653
13059;Tecozautla;0.77958722992583
13060;Tenango de Doria;0.784033363121835
13061;Tepeapulco;0.425358291898216
13062;Tepehuacán de Guerrero;0.84072385688631
13063;Tepeji del Río de Ocampo;0.59073865335511
13064;Tepetitlán;0.687865367581931
13065;Tetepango;0.588785046728972
13066;Villa de Tezontepec;0.598744988670037
13067;Tezontepec de Aldama;0.605964262717321
13068;Tianguistengo;0.812131423757372
13069;Tizayuca;0.474182930478439
13070;Tlahuelilpan;0.578506863073318
13071;Tlahuiltepa;0.857186732186732
13072;Tlanalapa;0.42406576980568
13073;Tlanchinol;0.750238777459408
13074;Tlaxcoapan;0.580853207927444
13075;Tolcayuca;0.587999465455031
13076;Tula de Allende;0.475025970266174
13077;Tulancingo de Bravo;0.523576132307847
13078;Xochiatipan;0.850701829008932
13079;Xochicoatlán;0.740358836873582
13080;Yahualica;0.839867109634551
13081;Zacualtipán de Ángeles;0.60953365355384
13082;Zapotlán de Juárez;0.559717806041335
13083;Zempoala;0.587780548628429
13084;Zimapán;0.677323961770882
13996;No especificado;.
13997;Otros estados;.
13998;Otros municipios;.
14001;Acatic;0.823118233739664
14002;Acatlán de Juárez;0.611434959674199
14003;Ahualulco de Mercado;0.597064248386105
14004;Amacueca;0.721631715024418
14005;Amatitán;0.651658163265306
14006;Ameca;0.617664179499391
14007;San Juanito de Escobedo;0.671245421245421
14008;Arandas;0.762015985600103
14009;EL Arenal;0.625645533457862
14010;Atemajac de Brizuela;0.794109069699621
14011;Atengo;0.796703296703297
14012;Atenguillo;0.70561562608999
14013;Atotonilco el Alto;0.732359274069517
14014;Atoyac;0.822549535332281
14015;Autlán de Navarro;0.552532440351612
14016;Ayotlán;0.8330260003688
14017;Ayutla;0.732642237222758
14018;La Barca;0.670420772720163
14019;Bolaños;0.787491115849325
14020;Cabo Corrientes;0.758860195903829
14021;Casimiro Castillo;0.670600383537395
14022;Cihuatlán;0.637495021903624
14023;Zapotlán el Grande;0.470210220475132
14024;Cocula;0.672352038205697
14025;Colotlán;0.668524678593905
14026;Concepción de Buenos Aires;0.75599128540305
14027;Cuautitlán de García Barragán;0.80302556077204
14028;Cuautla;0.813166144200627
14029;Cuquío;0.843000914913083
14030;Chapala;0.573597313558136
14031;Chimaltitán;0.829610162067455
14032;Chiquilistlán;0.797544080604534
14033;Degollado;0.811615611879956
14034;Ejutla;0.741102581995813
14035;Encarnación de Díaz;0.766874978420744
14036;Etzatlán;0.619112073632918
14037;El Grullo;0.639496084439905
14038;Guachinango;0.778830447566155
14039;Guadalajara;0.414769957416156
14040;Hostotipaquillo;0.795531355613969
14041;Huejúcar;0.773358888356493
14042;Huejuquilla el Alto;0.787410071942446
14043;La Huerta;0.718595099844215
14044;Ixtlahuacán de los Membrillos;0.602270198085911
14045;Ixtlahuacán del Río;0.777401223342701
14046;Jalostotitlán;0.750437521876094
14047;Jamay;0.71985527578823
14048;Jesús María;0.838657740869418
14049;Jilotlán de los Dolores;0.866806587019696
14050;Jocotepec;0.728129509379509
14051;Juanacatlán;0.563417890520694
14052;Juchitlán;0.723905723905724
14053;Lagos de Moreno;0.669162078260536
14054;El Limón;0.704005756776205
14055;Magdalena;0.646569646569647
14056;Santa María del Oro;0.873678025851939
14057;La Manzanilla de la Paz;0.788611224907825
14058;Mascota;0.646413127841224
14059;Mazamitla;0.683219178082192
14060;Mexticacán;0.827086122266845
14061;Mezquitic;0.866400532268796
14062;Mixtlán;0.776031434184676
14063;Ocotlán;0.601681622528635
14064;Ojuelos de Jalisco;0.787136793992818
14065;Pihuamo;0.784625653576594
14066;Poncitlán;0.726441368416677
14067;Puerto Vallarta;0.456858032631508
14068;Villa Purificación;0.796964725184578
14069;Quitupan;0.824132811445539
14070;El Salto;0.608586366378444
14071;San Cristóbal de la Barranca;0.853091768412761
14072;San Diego de Alejandría;0.787325728770596
14073;San Juan de los Lagos;0.717405845572197
14074;San Julián;0.75369296421928
14075;San Marcos;0.617607223476298
14076;San Martín de Bolaños;0.779925956396545
14077;San Martín Hidalgo;0.629801904344971
14078;San Miguel el Alto;0.758114509620446
14079;Gómez Farías;0.687212053293488
14080;San Sebastián del Oeste;0.791894579811039
14081;Santa María de los Ángeles;0.822817314746882
14082;Sayula;0.598187160715175
14083;Tala;0.647223436816791
14084;Talpa de Allende;0.7485260498135
14085;Tamazula de Gordiano;0.708251437048025
14086;Tapalpa;0.767088607594937
14087;Tecalitlán;0.726779779604688
14088;Tecolotlán;0.703000379794911
14089;Techaluta de Montenegro;0.745241581259151
14090;Tenamaxtlán;0.687884574580946
14091;Teocaltiche;0.760628810817537
14092;Teocuitatlán de Corona;0.76412252071303
14093;Tepatitlán de Morelos;0.699894827679197
14094;Tequila;0.630956247390155
14095;Teuchitlán;0.669563642947673
14096;Tizapán el Alto;0.762399545417648
14097;Tlajomulco de Zúñiga;0.636877677549826
14098;Tlaquepaque;0.540878706507456
14099;Tolimán;0.799751905015063
14100;Tomatlán;0.734762321376495
14101;Tonalá;0.568472887227996
14102;Tonaya;0.757783770531993
14103;Tonila;0.645220215141059
14104;Totatiche;0.762341117351463
14105;Tototlán;0.780537491185458
14106;Tuxcacuesco;0.845756457564576
14107;Tuxcueca;0.717452229299363
14108;Tuxpan;0.584324475004646
14109;Unión de San Antonio;0.826019134775374
14110;Unión de Tula;0.659417137886037
14111;Valle de Guadalupe;0.756467206689313
14112;Valle de Juárez;0.757535342758069
14113;San Gabriel;0.747227879610772
14114;Villa Corona;0.695752450509322
14115;Villa Guerrero;0.805354752342704
14116;Villa Hidalgo;0.791750184618631
14117;Cañadas de Obregón;0.833959685685002
14118;Yahualica de González Gallo;0.762828257137407
14119;Zacoalco de Torres;0.688727532436615
14120;Zapopan;0.395684182957458
14121;Zapotiltic;0.627957329953528
14122;Zapotitlán de Vadillo;0.747993981945838
14123;Zapotlán del Rey;0.832477403451109
14124;Zapotlanejo;0.750834192804708
14125;San Ignacio Cerro Gordo;.
14996;No especificado;.
14997;Otros estados;.
14998;Otros municipios;.
15001;Acambay de Ruíz Castañeda;0.701628923321414
15002;Acolman;0.410367060973752
15003;Aculco;0.737328492621057
15004;Almoloya de Alquisiras;0.758469808726091
15005;Almoloya de Juárez;0.69375
15006;Almoloya del Río;0.499633565408575
15007;Amanalco;0.798223801065719
15008;Amatepec;0.749194946742631
15009;Amecameca;0.457693496856642
15010;Apaxco;0.518463810930576
15011;Atenco;0.463394683026585
15012;Atizapán;0.564850191031571
15013;Atizapán de Zaragoza;0.377618192698983
15014;Atlacomulco;0.551092269557764
15015;Atlautla;0.594082996889271
15016;Axapusco;0.584540276647681
15017;Ayapango;0.54512331838565
15018;Calimaya;0.51326707394912
15019;Capulhuac;0.434029123525829
15020;Coacalco de Berriozábal;0.275648356513078
15021;Coatepec Harinas;0.783017321457844
15022;Cocotitlán;0.399492613042829
15023;Coyotepec;0.471386025200458
15024;Cuautitlán;0.34128883335804
15025;Chalco;0.524511654241766
15026;Chapa de Mota;0.738813493602171
15027;Chapultepec;0.471428571428571
15028;Chiautla;0.440781634760505
15029;Chicoloapan;0.485192097042476
15030;Chiconcuac;0.41133069828722
15031;Chimalhuacán;0.558166644952033
15032;Donato Guerra;0.826923076923077
15033;Ecatepec de Morelos;0.421177649930265
15034;Ecatzingo;0.625562556255626
15035;Huehuetoca;0.476693676384596
15036;Hueypoxtla;0.655587808417997
15037;Huixquilucan;0.40182936943626
15038;Isidro Fabela;0.582187564128873
15039;Ixtapaluca;0.440923375135834
15040;Ixtapan de la Sal;0.647918016373167
15041;Ixtapan del Oro;0.798558991293906
15042;Ixtlahuaca;0.663330177194644
15043;Xalatlaco;0.570729537366548
15044;Jaltenco;0.387228735345473
15045;Jilotepec;0.647500995619275
15046;Jilotzingo;0.57168044077135
15047;Jiquipilco;0.709177204902311
15048;Jocotitlán;0.572496406324868
15049;Joquicingo;0.617481203007519
15050;Juchitepec;0.554005783296479
15051;Lerma;0.456333392491247
15052;Malinalco;0.728669364830263
15053;Melchor Ocampo;0.456491856541842
15054;Metepec;0.271526188880415
15055;Mexicaltzingo;0.451585261353899
15056;Morelos;0.771389606660924
15057;Naucalpan de Juárez;0.388817199189076
15058;Nezahualcóyotl;0.406077881805713
15059;Nextlalpan;0.516804168475901
15060;Nicolás Romero;0.500751985299712
15061;Nopaltepec;0.545861774744027
15062;Ocoyoacac;0.431128574547042
15063;Ocuilan;0.704805648865428
15064;El Oro;0.649311067369357
15065;Otumba;0.538565324938161
15066;Otzoloapan;0.773684210526316
15067;Otzolotepec;0.602198446431189
15068;Ozumba;0.497620713785864
15069;Papalotla;0.419398293668612
15070;La Paz;0.472187737474513
15071;Polotitlán;0.595788242176075
15072;Rayón;0.442492822158419
15073;San Antonio la Isla;0.477915329359621
15074;San Felipe del Progreso;0.830157424289589
15075;San Martín de las Pirámides;0.475808432255424
15076;San Mateo Atenco;0.435166914447898
15077;San Simón de Guerrero;0.661565217391304
15078;Santo Tomás;0.693799275516727
15079;Soyaniquilpan de Juárez;0.649586776859504
15080;Sultepec;0.798744284446871
15081;Tecámac;0.433850945902616
15082;Tejupilco;0.720431393656679
15083;Temamatla;0.425787965616046
15084;Temascalapa;0.56562288039792
15085;Temascalcingo;0.702487292850913
15086;Temascaltepec;0.750609937518596
15087;Temoaya;0.740869205083737
15088;Tenancingo;0.537740503206709
15089;Tenango del Aire;0.501778693128628
15090;Tenango del Valle;0.582514080901178
15091;Teoloyucan;0.456979477114681
15092;Teotihuacán;0.434969455888621
15093;Tepetlaoxtoc;0.505424377791959
15094;Tepetlixpa;0.569789859263543
15095;Tepotzotlán;0.431234835908569
15096;Tequixquiac;0.561839651957738
15097;Texcaltitlán;0.738109150403179
15098;Texcalyacac;0.471845458281956
15099;Texcoco;0.389694659358341
15100;Tezoyuca;0.43335001668335
15101;Tianguistenco;0.509678329571106
15102;Timilpan;0.680553868577675
15103;Tlalmanalco;0.376578812878733
15104;Tlalnepantla de Baz;0.369127012677944
15105;Tlatlaya;0.729638958858102
15106;Toluca;0.389641111399977
15107;Tonatico;0.697697841726619
15108;Tultepec;0.423377535786423
15109;Tultitlán;0.382043309065857
15110;Valle de Bravo;0.596776244674763
15111;Villa de Allende;0.81423876313475
15112;Villa del Carbón;0.723295836938756
15113;Villa Guerrero;0.765497305592234
15114;Villa Victoria;0.839490609724723
15115;Xonacatlán;0.516507451280092
15116;Zacazonapan;0.724087591240876
15117;Zacualpan;0.781137341551343
15118;Zinacantepec;0.551166796759346
15119;Zumpahuacán;0.765347721822542
15120;Zumpango;0.502189385857364
15121;Cuautitlán Izcalli;0.314677808237276
15122;Valle de Chalco Solidaridad;0.560528723945094
15123;Luvianos;.
15124;San José del Rincón;.
15125;Tonanitla;.
15996;No especificado;.
15997;Otros estados;.
15998;Otros municipios;.
16001;Acuitzio;0.78253787261769
16002;Aguililla;0.840542457011168
16003;Álvaro Obregón;0.772102324806266
16004;Angamacutiro;0.819038740418479
16005;Angangueo;0.629781852671514
16006;Apatzingán;0.677429291514982
16007;Aporo;0.746411483253589
16008;Aquila;0.839487691284099
16009;Ario;0.733877025431913
16010;Arteaga;0.741829822079952
16011;Briseñas;0.723538704581359
16012;Buenavista;0.795616960457361
16013;Carácuaro;0.839546783625731
16014;Coahuayana;0.750029147720648
16015;Coalcomán de Vázquez Pallares;0.81240372922578
16016;Coeneo;0.784115523465704
16017;Contepec;0.802970408854755
16018;Copándaro;0.811188811188811
16019;Cotija;0.801034377852145
16020;Cuitzeo;0.776797950306858
16021;Charapan;0.781425748594011
16022;Charo;0.772749590834697
16023;Chavinda;0.822048125349748
16024;Cherán;0.676234567901235
16025;Chilchota;0.743192937672836
16026;Chinicuila;0.90007826767545
16027;Chucándiro;0.878129526174219
16028;Churintzio;0.79244126659857
16029;Churumuco;0.84369790998846
16030;Ecuandureo;0.819473843362564
16031;Epitacio Huerta;0.861795321034732
16032;Erongarícuaro;0.722652988190385
16033;Gabriel Zamora;0.724747267198159
16034;Hidalgo;0.712757005636263
16035;La Huacana;0.802735268696934
16036;Huandacareo;0.769902280130293
16037;Huaniqueo;0.828061520603598
16038;Huetamo;0.718498075386738
16039;Huiramba;0.785714285714286
16040;Indaparapeo;0.785390480115393
16041;Irimbo;0.780878621978902
16042;Ixtlán;0.857602057216329
16043;Jacona;0.694778278114097
16044;Jiménez;0.779480277461435
16045;Jiquilpan;0.661192739844425
16046;Juárez;0.721297720598518
16047;Jungapeo;0.749132420091324
16048;Lagunillas;0.810305958132045
16049;Madero;0.872389033942559
16050;Maravatío;0.741242339411364
16051;Marcos Castellanos;0.682581177765548
16052;Lázaro Cárdenas;0.506649201241564
16053;Morelia;0.418924725022915
16054;Morelos;0.826633892423366
16055;Múgica;0.687485604606526
16056;Nahuatzen;0.764244863376403
16057;Nocupétaro;0.834940815431828
16058;Nuevo Parangaricutiro;0.722246599385695
16059;Nuevo Urecho;0.786615678776291
16060;Numarán;0.76890359168242
16061;Ocampo;0.788606268457655
16062;Pajacuarán;0.813771257085695
16063;Panindícuaro;0.837877993357805
16064;Parácuaro;0.771092123213901
16065;Paracho;0.645785327688763
16066;Pátzcuaro;0.610369781644775
16067;Penjamillo;0.821409359870898
16068;Peribán;0.755162007623888
16069;La Piedad;0.611978406769769
16070;Purépero;0.733887138355772
16071;Puruándiro;0.781496332072721
16072;Queréndaro;0.742898411169957
16073;Quiroga;0.72859877235826
16074;Cojumatlán de Régules;0.803464566929134
16075;Los Reyes;0.678945025595371
16076;Sahuayo;0.675926632577781
16077;San Lucas;0.759167006941609
16078;Santa Ana Maya;0.773620728166183
16079;Salvador Escalante;0.790563059112436
16080;Senguio;0.800916762162725
16081;Susupuato;0.874330449114133
16082;Tacámbaro;0.71086316266425
16083;Tancítaro;0.848346403000341
16084;Tangamandapio;0.80051397365885
16085;Tangancícuaro;0.800494602178152
16086;Tanhuato;0.731373381447676
16087;Taretan;0.716392852860055
16088;Tarímbaro;0.758803904608921
16089;Tepalcatepec;0.768077484410243
16090;Tingambato;0.669208770257388
16091;Tingüindín;0.747773423583897
16092;Tiquicheo de Nicolás Romero;0.878437213565536
16093;Tlalpujahua;0.705184092280866
16094;Tlazazalca;0.887531806615776
16095;Tocumbo;0.74171144017822
16096;Tumbiscatío;0.877354935945742
16097;Turicato;0.859142478267276
16098;Tuxpan;0.699143241520923
16099;Tuzantla;0.850139220365951
16100;Tzintzuntzan;0.689549860576285
16101;Tzitzio;0.868536943402381
16102;Uruapan;0.558917037186144
16103;Venustiano Carranza;0.760968952575913
16104;Villamar;0.788764385221078
16105;Vista Hermosa;0.739609114961168
16106;Yurécuaro;0.740664267594832
16107;Zacapu;0.569839226892956
16108;Zamora;0.613035328046143
16109;Zináparo;0.774396642182581
16110;Zinapécuaro;0.748796760381054
16111;Ziracuaretiro;0.71569903670919
16112;Zitácuaro;0.594981519704315
16113;José Sixto Verduzco;0.75906220767072
16996;No especificado;.
16997;Otros estados;.
16998;Otros municipios;.
17001;Amacuzac;0.605608412618928
17002;Atlatlahucan;0.551996231303733
17003;Axochiapan;0.679146427986683
17004;Ayala;0.5890349951949
17005;Coatlán del Río;0.670871173898419
17006;Cuautla;0.44373679414386
17007;Cuernavaca;0.340203165522173
17008;Emiliano Zapata;0.501727849535463
17009;Huitzilac;0.488107992286265
17010;Jantetelco;0.640168878166466
17011;Jiutepec;0.392971421257611
17012;Jojutla;0.47107723284913
17013;Jonacatepec;0.60241926280954
17014;Mazatepec;0.582335061684248
17015;Miacatlán;0.669537655894715
17016;Ocuituco;0.674733252667473
17017;Puente de Ixtla;0.55429397192403
17018;Temixco;0.544995736238492
17019;Tepalcingo;0.653181513730744
17020;Tepoztlán;0.413933264013612
17021;Tetecala;0.56440600819299
17022;Tetela del Volcán;0.730533777252712
17023;Tlalnepantla;0.685531084471703
17024;Tlaltizapán de Zapata;0.551039931970379
17025;Tlaquiltenango;0.577078246098312
17026;Tlayacapan;0.563743887182987
17027;Totolapan;0.639213503988128
17028;Xochitepec;0.570124270859751
17029;Yautepec;0.495243757431629
17030;Yecapixtla;0.60253187286766
17031;Zacatepec;0.398775455876481
17032;Zacualpan;0.547852147852148
17033;Temoac;0.697429587093246
17996;No especificado;.
17997;Otros estados;.
17998;Otros municipios;.
18001;Acaponeta;0.546643528316262
18002;Ahuacatlán;0.601994470774092
18003;Amatlán de Cañas;0.681047570850202
18004;Compostela;0.628746688972536
18005;Huajicori;0.725441696113074
18006;Ixtlán del Río;0.54598933758196
18007;Jala;0.634823576583801
18008;Xalisco;0.475596055423792
18009;Del Nayar;0.903246706500612
18010;Rosamorada;0.658087067047982
18011;Ruíz;0.616351738842732
18012;San Blas;0.649830084063674
18013;San Pedro Lagunillas;0.653602305475504
18014;Santa María del Oro;0.664737740188441
18015;Santiago Ixcuintla;0.605050664977834
18016;Tecuala;0.591642176188087
18017;Tepic;0.37407098364155
18018;Tuxpan;0.567012288786482
18019;La Yesca;0.830737134909597
18020;Bahía de Banderas;0.58406194037712
18996;No especificado;.
18997;Otros estados;.
18998;Otros municipios;.
19001;Abasolo;0.43992606284658
19002;Agualeguas;0.699553001277139
19003;Los Aldamas;0.744950952106174
19004;Allende;0.562343408497255
19005;Anáhuac;0.629713046379713
19006;Apodaca;0.355709920048715
19007;Aramberri;0.745379876796715
19008;Bustamante;0.564786913473956
19009;Cadereyta Jiménez;0.501488066665387
19010;Carmen;0.522617680826636
19011;Cerralvo;0.613048194638153
19012;Ciénega de Flores;0.525604551920341
19013;China;0.638642499035866
19014;Dr. Arroyo;0.77005652401083
19015;Dr. Coss;0.78585086042065
19016;Dr. González;0.667627281460135
19017;Galeana;0.728212933692386
19018;García;0.570636653788006
19019;San Pedro Garza García;0.249724720632325
19020;Gral. Bravo;0.636020151133501
19021;Gral. Escobedo;0.419549735500362
19022;Gral. Terán;0.646146872166818
19023;Gral. Treviño;0.641068447412354
19024;Gral. Zaragoza;0.784798807749627
19025;Gral. Zuazua;0.624441132637854
19026;Guadalupe;0.34652376081893
19027;Los Herreras;0.666829268292683
19028;Higueras;0.599786552828175
19029;Hualahuises;0.588182023998189
19030;Iturbide;0.736535008976661
19031;Juárez;0.488999430791695
19032;Lampazos de Naranjo;0.640117130307467
19033;Linares;0.564615020545146
19034;Marín;0.571935483870968
19035;Melchor Ocampo;0.65767878077374
19036;Mier y Noriega;0.821814762576399
19037;Mina;0.64632285627098
19038;Montemorelos;0.499713216617049
19039;Monterrey;0.355745545915894
19040;Parás;0.636258660508083
19041;Pesquería;0.612532142373799
19042;Los Ramones;0.748739110499771
19043;Rayones;0.762522097819682
19044;Sabinas Hidalgo;0.509059217467089
19045;Salinas Victoria;0.565615627786334
19046;San Nicolás de los Garza;0.275184981607543
19047;Hidalgo;0.450841820827271
19048;Santa Catarina;0.404906035714991
19049;Santiago;0.470903581695284
19050;Vallecillo;0.764624913971094
19051;Villaldama;0.525706503234593
19996;No especificado;.
19997;Otros estados;.
19998;Otros municipios;.
20001;Abejones;0.810779816513762
20002;Acatlán de Pérez Figueroa;0.735212804656239
20003;Asunción Cacalotepec;0.845620667926906
20004;Asunción Cuyotepeji;0.763257575757576
20005;Asunción Ixtaltepec;0.65445554546372
20006;Asunción Nochixtlán;0.623334112695815
20007;Asunción Ocotlán;0.929755671902269
20008;Asunción Tlacolulita;0.85614849187935
20009;Ayotzintepec;0.882332402234637
20010;El Barrio de la Soledad;0.537403740374037
20011;Calihualá;0.820478723404255
20012;Candelaria Loxicha;0.877885331347729
20013;Ciénega de Zimatlán;0.758418740849195
20014;Ciudad Ixtepec;0.502128200241408
20015;Coatecas Altas;0.953684210526316
20016;Coicoyán de las Flores;0.953697304768487
20017;La Compañía;0.908230452674897
20018;Concepción Buenavista;0.890387858347386
20019;Concepción Pápalo;0.909766980664353
20020;Constancia del Rosario;0.818688118811881
20021;Cosolapa;0.679382675796109
20022;Cosoltepec;0.755520504731861
20023;Cuilápam de Guerrero;0.621410847217299
20024;Cuyamecalco Villa de Zaragoza;0.944268774703557
20025;Chahuites;0.741058423693154
20026;Chalcatongo de Hidalgo;0.746227417640808
20027;Chiquihuitlán de Benito Juárez;0.927922471229558
20028;Heroica Ciudad de Ejutla de Crespo;0.826307363927428
20029;Eloxochitlán de Flores Magón;0.90210970464135
20030;El Espinal;0.457767168564084
20031;Tamazulápam del Espíritu Santo;0.826181423139598
20032;Fresnillo de Trujano;0.853168469860896
20033;Guadalupe Etla;0.583515681983953
20034;Guadalupe de Ramírez;0.844186046511628
20035;Guelatao de Juárez;0.436018957345972
20036;Guevea de Humboldt;0.886904761904762
20037;Mesones Hidalgo;0.871547566856642
20038;Villa Hidalgo;0.846879535558781
20039;Heroica Ciudad de Huajuapan de León;0.522917461902105
20040;Huautepec;0.903091712133022
20041;Huautla de Jiménez;0.80562851782364
20042;Ixtlán de Juárez;0.742305099977533
20043;Heroica Ciudad de Juchitán de Zaragoza;0.624399504106617
20044;Loma Bonita;0.740317659025115
20045;Magdalena Apasco;0.587415222305953
20046;Magdalena Jaltepec;0.876237623762376
20047;Santa Magdalena Jicotlán;0.921052631578947
20048;Magdalena Mixtepec;0.9765625
20049;Magdalena Ocotlán;0.816358024691358
20050;Magdalena Peñasco;0.914011127971674
20051;Magdalena Teitipac;0.968808193668529
20052;Magdalena Tequisistlán;0.657096860745908
20053;Magdalena Tlacotepec;0.731678486997636
20054;Magdalena Zahuatlán;0.853146853146853
20055;Mariscala de Juárez;0.813339970134395
20056;Mártires de Tacubaya;0.677197802197802
20057;Matías Romero Avendaño;0.659616447004972
20058;Mazatlán Villa de Flores;0.911257606490872
20059;Miahuatlán de Porfirio Díaz;0.748947962639844
20060;Mixistlán de la Reforma;0.863577023498694
20061;Monjas;0.795735900962861
20062;Natividad;0.694369973190349
20063;Nazareno Etla;0.44159072079536
20064;Nejapa de Madero;0.846038863976084
20065;Ixpantepec Nieves;0.899382171226831
20066;Santiago Niltepec;0.763397947548461
20067;Oaxaca de Juárez;0.369519901879362
20068;Ocotlán de Morelos;0.647572239640708
20069;La Pe;0.946320346320346
20070;Pinotepa de Don Luis;0.785356347438753
20071;Pluma Hidalgo;0.861784897025172
20072;San José del Progreso;0.89404369949117
20073;Putla Villa de Guerrero;0.687010150327637
20074;Santa Catarina Quioquitani;0.951417004048583
20075;Reforma de Pineda;0.702127659574468
20076;La Reforma;0.788894997251237
20077;Reyes Etla;0.633313713949382
20078;Rojas de Cuauhtémoc;0.662234042553192
20079;Salina Cruz;0.482873444589411
20080;San Agustín Amatengo;0.875715453802126
20081;San Agustín Atenango;0.902354570637119
20082;San Agustín Chayuco;0.788910891089109
20083;San Agustín de las Juntas;0.534579439252336
20084;San Agustín Etla;0.45580978017048
20085;San Agustín Loxicha;0.913911567375313
20086;San Agustín Tlacotepec;0.771375464684015
20087;San Agustín Yatareni;0.821347806422433
20088;San Andrés Cabecera Nueva;0.84706546275395
20089;San Andrés Dinicuiti;0.829618979151689
20090;San Andrés Huaxpaltepec;0.709538461538462
20091;San Andrés Huayápam;0.38225383751404
20092;San Andrés Ixtlahuaca;0.708820403825717
20093;San Andrés Lagunas;0.924281984334204
20094;San Andrés Nuxiño;0.867321867321867
20095;San Andrés Paxtlán;0.914883932635412
20096;San Andrés Sinaxtla;0.616702355460385
20097;San Andrés Solaga;0.923280423280423
20098;San Andrés Teotilálpam;0.906337186129932
20099;San Andrés Tepetlapa;0.9
20100;San Andrés Yaá;0.894736842105263
20101;San Andrés Zabache;0.702087286527514
20102;San Andrés Zautla;0.552173913043478
20103;San Antonino Castillo Velasco;0.815172817809022
20104;San Antonino el Alto;0.871031746031746
20105;San Antonino Monte Verde;0.879532514234342
20106;San Antonio Acutla;0.941441441441441
20107;San Antonio de la Cal;0.56418124168968
20108;San Antonio Huitepec;0.789300411522634
20109;San Antonio Nanahuatípam;0.628468033775633
20110;San Antonio Sinicahua;0.845854922279793
20111;San Antonio Tepetlapa;0.776511397423191
20112;San Baltazar Chichicápam;0.634709931170108
20113;San Baltazar Loxicha;0.916002452483139
20114;San Baltazar Yatzachi el Bajo;0.881944444444444
20115;San Bartolo Coyotepec;0.558383709831371
20116;San Bartolomé Ayautla;0.943585077343039
20117;San Bartolomé Loxicha;0.867084203201113
20118;San Bartolomé Quialana;0.956632653061224
20119;San Bartolomé Yucuañe;0.701639344262295
20120;San Bartolomé Zoogocho;0.819767441860465
20121;San Bartolo Soyaltepec;0.773972602739726
20122;San Bartolo Yautepec;0.782868525896414
20123;San Bernardo Mixtepec;0.852675469075747
20124;San Blas Atempa;0.826463153801283
20125;San Carlos Yautepec;0.850186658010063
20126;San Cristóbal Amatlán;0.91873222267371
20127;San Cristóbal Amoltepec;0.868263473053892
20128;San Cristóbal Lachirioag;0.923777019340159
20129;San Cristóbal Suchixtlahuaca;0.769230769230769
20130;San Dionisio del Mar;0.835706842653699
20131;San Dionisio Ocotepec;0.922806400562687
20132;San Dionisio Ocotlán;0.697674418604651
20133;San Esteban Atatlahuca;0.882165605095541
20134;San Felipe Jalapa de Díaz;0.896803442446596
20135;San Felipe Tejalápam;0.755674232309746
20136;San Felipe Usila;0.857798165137615
20137;San Francisco Cahuacuá;0.840045377197958
20138;San Francisco Cajonos;0.803625377643505
20139;San Francisco Chapulapa;0.931381518755718
20140;San Francisco Chindúa;0.766393442622951
20141;San Francisco del Mar;0.79739336492891
20142;San Francisco Huehuetlán;0.895622895622896
20143;San Francisco Ixhuatán;0.737651683472911
20144;San Francisco Jaltepetongo;0.875476493011436
20145;San Francisco Lachigoló;0.711570247933884
20146;San Francisco Logueche;0.836695485110471
20147;San Francisco Nuxaño;0.914179104477612
20148;San Francisco Ozolotepec;0.83273381294964
20149;San Francisco Sola;0.81491344873502
20150;San Francisco Telixtlahuaca;0.553542009884679
20151;San Francisco Teopan;0.978260869565217
20152;San Francisco Tlapancingo;0.741330834114339
20153;San Gabriel Mixtepec;0.796296296296296
20154;San Ildefonso Amatlán;0.919689119170985
20155;San Ildefonso Sola;0.84549356223176
20156;San Ildefonso Villa Alta;0.81669776119403
20157;San Jacinto Amilpas;0.43021375965511
20158;San Jacinto Tlacotepec;0.930138099106418
20159;San Jerónimo Coatlán;0.892425905598244
20160;San Jerónimo Silacayoapilla;0.817480719794344
20161;San Jerónimo Sosola;0.802536231884058
20162;San Jerónimo Taviche;0.894610778443114
20163;San Jerónimo Tecóatl;0.795627376425855
20164;San Jorge Nuchita;0.941412981045376
20165;San José Ayuquila;0.788220551378446
20166;San José Chiltepec;0.678419849820437
20167;San José del Peñasco;0.954931972789116
20168;San José Estancia Grande;0.731313131313131
20169;San José Independencia;0.861798679867987
20170;San José Lachiguiri;0.916284403669725
20171;San José Tenango;0.903780068728522
20172;San Juan Achiutla;0.752551020408163
20173;San Juan Atepec;0.84280303030303
20174;Ánimas Trujano;0.509462915601023
20175;San Juan Bautista Atatlahuca;0.847528916929548
20176;San Juan Bautista Coixtlahuaca;0.745341614906832
20177;San Juan Bautista Cuicatlán;0.775439206818577
20178;San Juan Bautista Guelache;0.604202401372213
20179;San Juan Bautista Jayacatlán;0.828348504551365
20180;San Juan Bautista Lo de Soto;0.688475836431227
20181;San Juan Bautista Suchitepec;0.923344947735192
20182;San Juan Bautista Tlacoatzintepec;0.901419558359621
20183;San Juan Bautista Tlachichilco;0.900744416873449
20184;San Juan Bautista Tuxtepec;0.589229338629502
20185;San Juan Cacahuatepec;0.625288950531669
20186;San Juan Cieneguilla;0.793427230046948
20187;San Juan Coatzóspam;0.877712031558185
20188;San Juan Colorado;0.836347788189148
20189;San Juan Comaltepec;0.845295055821372
20190;San Juan Cotzocón;0.812224272078287
20191;San Juan Chicomezúchil;0.848708487084871
20192;San Juan Chilateca;0.612474437627812
20193;San Juan del Estado;0.721232876712329
20194;San Juan del Río;0.836933045356371
20195;San Juan Diuxi;0.905191873589165
20196;San Juan Evangelista Analco;0.783333333333333
20197;San Juan Guelavía;0.815158924205379
20198;San Juan Guichicovi;0.848297588755604
20199;San Juan Ihualtepec;0.938524590163934
20200;San Juan Juquila Mixes;0.904828879512424
20201;San Juan Juquila Vijanos;0.914231856738926
20202;San Juan Lachao;0.877422072451559
20203;San Juan Lachigalla;0.92316715542522
20204;San Juan Lajarcia;0.801385681293303
20205;San Juan Lalana;0.920052281886505
20206;San Juan de los Cués;0.7618332081142
20207;San Juan Mazatlán;0.878187588924154
20208;San Juan Mixtepec -Dto. 08 -;0.876303751143641
20209;San Juan Mixtepec -Dto. 26 -;0.881305637982196
20210;San Juan Ñumí;0.899352401511063
20211;San Juan Ozolotepec;0.94017094017094
20212;San Juan Petlapa;0.969460227272727
20213;San Juan Quiahije;0.899895178197065
20214;San Juan Quiotepec;0.797179314976494
20215;San Juan Sayultepec;0.647948164146868
20216;San Juan Tabaá;0.7625
20217;San Juan Tamazola;0.879273504273504
20218;San Juan Teita;0.852691218130312
20219;San Juan Teitipac;0.851495726495726
20220;San Juan Tepeuxila;0.949462365591398
20221;San Juan Teposcolula;0.749484536082474
20222;San Juan Yaeé;0.886341929321872
20223;San Juan Yatzona;0.955128205128205
20224;San Juan Yucuita;0.701171875
20225;San Lorenzo;0.829349269588313
20226;San Lorenzo Albarradas;0.899324739103745
20227;San Lorenzo Cacaotepec;0.506361323155216
20228;San Lorenzo Cuaunecuiltitla;0.951834862385321
20229;San Lorenzo Texmelúcan;0.97187704381949
20230;San Lorenzo Victoria;0.811715481171548
20231;San Lucas Camotlán;0.912200684150513
20232;San Lucas Ojitlán;0.831372549019608
20233;San Lucas Quiaviní;0.95859872611465
20234;San Lucas Zoquiápam;0.887418811643012
20235;San Luis Amatlán;0.887820512820513
20236;San Marcial Ozolotepec;0.919087136929461
20237;San Marcos Arteaga;0.808988764044944
20238;San Martín de los Cansecos;0.818181818181818
20239;San Martín Huamelúlpam;0.691761363636364
20240;San Martín Itunyoso;0.893682588597843
20241;San Martín Lachilá;0.716339869281046
20242;San Martín Peras;0.980465991998117
20243;San Martín Tilcajete;0.775847808105873
20244;San Martín Toxpalan;0.75465057817999
20245;San Martín Zacatepec;0.790780141843972
20246;San Mateo Cajonos;0.914081145584726
20247;Capulálpam de Méndez;0.522114347357066
20248;San Mateo del Mar;0.847026854219949
20249;San Mateo Yoloxochitlán;0.803793716656787
20250;San Mateo Etlatongo;0.796703296703297
20251;San Mateo Nejápam;0.975736568457539
20252;San Mateo Peñasco;0.832695984703633
20253;San Mateo Piñas;0.871132001566784
20254;San Mateo Río Hondo;0.871027176416398
20255;San Mateo Sindihui;0.862167300380228
20256;San Mateo Tlapiltepec;0.80225988700565
20257;San Melchor Betaza;0.95855614973262
20258;San Miguel Achiutla;0.795221843003413
20259;San Miguel Ahuehuetitlán;0.962457337883959
20260;San Miguel Aloápam;0.880851063829787
20261;San Miguel Amatitlán;0.849250936329588
20262;San Miguel Amatlán;0.908814589665654
20263;San Miguel Coatlán;0.935202492211838
20264;San Miguel Chicahua;0.757142857142857
20265;San Miguel Chimalapa;0.863569967864446
20266;San Miguel del Puerto;0.876910535969024
20267;San Miguel del Río;0.947368421052632
20268;San Miguel Ejutla;0.844247787610619
20269;San Miguel el Grande;0.666816952209197
20270;San Miguel Huautla;0.86228813559322
20271;San Miguel Mixtepec;0.939685314685315
20272;San Miguel Panixtlahuaca;0.902709000873871
20273;San Miguel Peras;0.910490307867731
20274;San Miguel Piedras;0.868804664723032
20275;San Miguel Quetzaltepec;0.889648741063102
20276;San Miguel Santa Flor;0.890740740740741
20277;Villa Sola de Vega;0.878391817019463
20278;San Miguel Soyaltepec;0.774584536717012
20279;San Miguel Suchixtepec;0.840560373582388
20280;Villa Talea de Castro;0.826957033549147
20281;San Miguel Tecomatlán;0.846153846153846
20282;San Miguel Tenango;0.851380042462845
20283;San Miguel Tequixtepec;0.793871866295265
20284;San Miguel Tilquiápam;0.900337837837838
20285;San Miguel Tlacamama;0.74265505984766
20286;San Miguel Tlacotepec;0.838604651162791
20287;San Miguel Tulancingo;0.87220447284345
20288;San Miguel Yotao;0.942363112391931
20289;San Nicolás;0.930574098798398
20290;San Nicolás Hidalgo;0.842372881355932
20291;San Pablo Coatlán;0.889524647887324
20292;San Pablo Cuatro Venados;0.883116883116883
20293;San Pablo Etla;0.439275941906967
20294;San Pablo Huitzo;0.527665706051873
20295;San Pablo Huixtepec;0.640318302387268
20296;San Pablo Macuiltianguis;0.817056396148556
20297;San Pablo Tijaltepec;0.865263157894737
20298;San Pablo Villa de Mitla;0.799489868215956
20299;San Pablo Yaganiza;0.929190751445087
20300;San Pedro Amuzgos;0.772226050999311
20301;San Pedro Apóstol;0.760910815939279
20302;San Pedro Atoyac;0.889109895574341
20303;San Pedro Cajonos;0.789407313997478
20304;San Pedro Coxcaltepec Cántaros;0.906298003072197
20305;San Pedro Comitancillo;0.456943366951125
20306;San Pedro el Alto;0.953274760383387
20307;San Pedro Huamelula;0.761816340310601
20308;San Pedro Huilotepec;0.736939151813153
20309;San Pedro Ixcatlán;0.851171414124389
20310;San Pedro Ixtlahuaca;0.736981465136805
20311;San Pedro Jaltepetongo;0.817073170731707
20312;San Pedro Jicayán;0.841307343965347
20313;San Pedro Jocotipac;0.805687203791469
20314;San Pedro Juchatengo;0.819126819126819
20315;San Pedro Mártir;0.890688259109312
20316;San Pedro Mártir Quiechapa;0.753623188405797
20317;San Pedro Mártir Yucuxaco;0.873931623931624
20318;San Pedro Mixtepec -Dto. 22 -;0.631475508969966
20319;San Pedro Mixtepec -Dto. 26 -;0.779850746268657
20320;San Pedro Molinos;0.785365853658537
20321;San Pedro Nopala;0.843326885880077
20322;San Pedro Ocopetatillo;0.966355140186916
20323;San Pedro Ocotepec;0.893264248704663
20324;San Pedro Pochutla;0.723618550565398
20325;San Pedro Quiatoni;0.952891187881027
20326;San Pedro Sochiápam;0.903361344537815
20327;San Pedro Tapanatepec;0.740842381577377
20328;San Pedro Taviche;0.88758389261745
20329;San Pedro Teozacoalco;0.818505338078292
20330;San Pedro Teutila;0.929471032745592
20331;San Pedro Tidaá;0.862129144851658
20332;San Pedro Topiltepec;0.877022653721683
20333;San Pedro Totolápam;0.782014797951053
20334;Villa de Tututepec de Melchor Ocampo;0.76536988510381
20335;San Pedro Yaneri;0.918060200668896
20336;San Pedro Yólox;0.863407620416966
20337;San Pedro y San Pablo Ayutla;0.840783833435395
20338;Villa de Etla;0.530421216848674
20339;San Pedro y San Pablo Teposcolula;0.684824902723735
20340;San Pedro y San Pablo Tequixtepec;0.784938450398262
20341;San Pedro Yucunama;0.851612903225806
20342;San Raymundo Jalpan;0.641706161137441
20343;San Sebastián Abasolo;0.852363636363636
20344;San Sebastián Coatlán;0.885468861846815
20345;San Sebastián Ixcapa;0.70752984389348
20346;San Sebastián Nicananduta;0.756731662024141
20347;San Sebastián Río Hondo;0.896534404821698
20348;San Sebastián Tecomaxtlahuaca;0.879546809779368
20349;San Sebastián Teitipac;0.864092664092664
20350;San Sebastián Tutla;0.263603621142802
20351;San Simón Almolongas;0.913220338983051
20352;San Simón Zahuatlán;0.882518796992481
20353;Santa Ana;0.921200750469043
20354;Santa Ana Ateixtlahuaca;0.95
20355;Santa Ana Cuauhtémoc;0.940325497287523
20356;Santa Ana del Valle;0.890078515346181
20357;Santa Ana Tavela;0.918586789554531
20358;Santa Ana Tlapacoyan;0.82043795620438
20359;Santa Ana Yareni;0.964017991004498
20360;Santa Ana Zegache;0.814763231197772
20361;Santa Catalina Quierí;0.944816053511706
20362;Santa Catarina Cuixtla;0.817757009345794
20363;Santa Catarina Ixtepeji;0.845188284518828
20364;Santa Catarina Juquila;0.827341648324774
20365;Santa Catarina Lachatao;0.759059745347698
20366;Santa Catarina Loxicha;0.883400089007566
20367;Santa Catarina Mechoacán;0.8486646884273
20368;Santa Catarina Minas;0.816
20369;Santa Catarina Quiané;0.765333333333333
20370;Santa Catarina Tayata;0.657620041753653
20371;Santa Catarina Ticuá;0.784671532846715
20372;Santa Catarina Yosonotú;0.821966341895483
20373;Santa Catarina Zapoquila;0.802702702702703
20374;Santa Cruz Acatepec;0.872777017783858
20375;Santa Cruz Amilpas;0.352941176470588
20376;Santa Cruz de Bravo;0.765342960288809
20377;Santa Cruz Itundujia;0.817385083169379
20378;Santa Cruz Mixtepec;0.756109481915934
20379;Santa Cruz Nundaco;0.857244318181818
20380;Santa Cruz Papalutla;0.859202714164546
20381;Santa Cruz Tacache de Mina;0.812121212121212
20382;Santa Cruz Tacahua;0.759510869565217
20383;Santa Cruz Tayata;0.828828828828829
20384;Santa Cruz Xitla;0.931918656056587
20385;Santa Cruz Xoxocotlán;0.473201833034469
20386;Santa Cruz Zenzontepec;0.949263502454992
20387;Santa Gertrudis;0.761864762704746
20388;Santa Inés del Monte;0.925250683682771
20389;Santa Inés Yatzeche;0.816568047337278
20390;Santa Lucía del Camino;0.388257515126293
20391;Santa Lucía Miahuatlán;0.947011706715958
20392;Santa Lucía Monteverde;0.871665262566695
20393;Santa Lucía Ocotlán;0.914107699154428
20394;Santa María Alotepec;0.754884547069272
20395;Santa María Apazco;0.895543175487465
20396;Santa María la Asunción;0.919582245430809
20397;Heroica Ciudad de Tlaxiaco;0.55823270511229
20398;Ayoquezco de Aldama;0.795404814004376
20399;Santa María Atzompa;0.591135955280495
20400;Santa María Camotlán;0.772591857000993
20401;Santa María Colotepec;0.717572008505703
20402;Santa María Cortijo;0.818840579710145
20403;Santa María Coyotepec;0.663926940639269
20404;Santa María Chachoápam;0.781914893617021
20405;Villa de Chilapa de Díaz;0.846016114592659
20406;Santa María Chilchotla;0.917141926022487
20407;Santa María Chimalapa;0.918404588112617
20408;Santa María del Rosario;0.734265734265734
20409;Santa María del Tule;0.354720616570328
20410;Santa María Ecatepec;0.804185351270553
20411;Santa María Guelacé;0.75146771037182
20412;Santa María Guienagati;0.914048606994665
20413;Santa María Huatulco;0.600497895797522
20414;Santa María Huazolotitlán;0.750781378516203
20415;Santa María Ipalapa;0.840186190845617
20416;Santa María Ixcatlán;0.713286713286713
20417;Santa María Jacatepec;0.778816759575616
20418;Santa María Jalapa del Marqués;0.634534534534535
20419;Santa María Jaltianguis;0.816425120772947
20420;Santa María Lachixío;0.836805555555556
20421;Santa María Mixtequilla;0.661665416354088
20422;Santa María Nativitas;0.71304347826087
20423;Santa María Nduayaco;0.894854586129754
20424;Santa María Ozolotepec;0.934131736526946
20425;Santa María Pápalo;0.898773006134969
20426;Santa María Peñoles;0.916120218579235
20427;Santa María Petapa;0.737794065492375
20428;Santa María Quiegolani;0.80625
20429;Santa María Sola;0.840664711632454
20430;Santa María Tataltepec;0.929292929292929
20431;Santa María Tecomavaca;0.620627802690583
20432;Santa María Temaxcalapa;0.874403815580286
20433;Santa María Temaxcaltepec;0.949716139497161
20434;Santa María Teopoxco;0.921787709497207
20435;Santa María Tepantlali;0.916723087339201
20436;Santa María Texcatitlán;0.854929577464789
20437;Santa María Tlahuitoltepec;0.802554226636935
20438;Santa María Tlalixtac;0.942857142857143
20439;Santa María Tonameca;0.829657089898054
20440;Santa María Totolapilla;0.888341543513957
20441;Santa María Xadani;0.860303413400759
20442;Santa María Yalina;0.911196911196911
20443;Santa María Yavesía;0.885714285714286
20444;Santa María Yolotepec;0.890625
20445;Santa María Yosoyúa;0.77741935483871
20446;Santa María Yucuhiti;0.756742464304601
20447;Santa María Zacatepec;0.843936381709742
20448;Santa María Zaniza;0.900977995110024
20449;Santa María Zoquitlán;0.891172349369454
20450;Santiago Amoltepec;0.939491126790678
20451;Santiago Apoala;0.890995260663507
20452;Santiago Apóstol;0.900786862812179
20453;Santiago Astata;0.614355231143552
20454;Santiago Atitlán;0.863091482649842
20455;Santiago Ayuquililla;0.829707426856714
20456;Santiago Cacaloxtepec;0.835855646100116
20457;Santiago Camotlán;0.926219512195122
20458;Santiago Comaltepec;0.813636363636364
20459;Santiago Chazumba;0.71831955922865
20460;Santiago Choápam;0.934576023391813
20461;Santiago del Río;0.81917211328976
20462;Santiago Huajolotitlán;0.688550840672538
20463;Santiago Huauclilla;0.847560975609756
20464;Santiago Ihuitlán Plumas;0.81413612565445
20465;Santiago Ixcuintepec;0.943100995732575
20466;Santiago Ixtayutla;0.941005098324836
20467;Santiago Jamiltepec;0.728129959854355
20468;Santiago Jocotepec;0.910825062034739
20469;Santiago Juxtlahuaca;0.800012819691045
20470;Santiago Lachiguiri;0.891096579476861
20471;Santiago Lalopa;0.921450151057402
20472;Santiago Laollaga;0.612783940834654
20473;Santiago Laxopa;0.906789413118527
20474;Santiago Llano Grande;0.702674897119342
20475;Santiago Matatlán;0.863594639250964
20476;Santiago Miltepec;0.827205882352941
20477;Santiago Minas;0.909090909090909
20478;Santiago Nacaltepec;0.854777070063694
20479;Santiago Nejapilla;0.923469387755102
20480;Santiago Nundiche;0.878923766816143
20481;Santiago Nuyoó;0.771808203350664
20482;Santiago Pinotepa Nacional;0.654796848447397
20483;Santiago Suchilquitongo;0.681998864281658
20484;Santiago Tamazola;0.877303182579565
20485;Santiago Tapextla;0.883780332056194
20486;Villa Tejúpam de la Unión;0.776447105788423
20487;Santiago Tenango;0.767008387698043
20488;Santiago Tepetlapa;0.957627118644068
20489;Santiago Tetepec;0.908314773570898
20490;Santiago Texcalcingo;0.950946040644709
20491;Santiago Textitlán;0.841584158415842
20492;Santiago Tilantongo;0.86212839293408
20493;Santiago Tillo;0.703804347826087
20494;Santiago Tlazoyaltepec;0.914422241529105
20495;Santiago Xanica;0.918478260869565
20496;Santiago Xiacuí;0.679755671902269
20497;Santiago Yaitepec;0.871580122836404
20498;Santiago Yaveo;0.878081102570898
20499;Santiago Yolomécatl;0.631175468483816
20500;Santiago Yosondúa;0.867531264474294
20501;Santiago Yucuyachi;0.877284595300261
20502;Santiago Zacatepec;0.899748472871003
20503;Santiago Zoochila;0.87987012987013
20504;Nuevo Zoquiápam;0.853551912568306
20505;Santo Domingo Ingenio;0.665470494417863
20506;Santo Domingo Albarradas;0.792735042735043
20507;Santo Domingo Armenta;0.802698145025295
20508;Santo Domingo Chihuitán;0.654214559386973
20509;Santo Domingo de Morelos;0.904740507751067
20510;Santo Domingo Ixcatlán;0.702797202797203
20511;Santo Domingo Nuxaá;0.89297124600639
20512;Santo Domingo Ozolotepec;0.982484076433121
20513;Santo Domingo Petapa;0.815494849977609
20514;Santo Domingo Roayaga;0.959780621572212
20515;Santo Domingo Tehuantepec;0.593410404624277
20516;Santo Domingo Teojomulco;0.906574394463668
20517;Santo Domingo Tepuxtepec;0.90547263681592
20518;Santo Domingo Tlatayápam;0.879310344827586
20519;Santo Domingo Tomaltepec;0.722110552763819
20520;Santo Domingo Tonalá;0.86218836565097
20521;Santo Domingo Tonaltepec;0.757142857142857
20522;Santo Domingo Xagacía;0.891025641025641
20523;Santo Domingo Yanhuitlán;0.675313059033989
20524;Santo Domingo Yodohino;0.88855421686747
20525;Santo Domingo Zanatepec;0.761011904761905
20526;Santos Reyes Nopala;0.838717724834726
20527;Santos Reyes Pápalo;0.934782608695652
20528;Santos Reyes Tepejillo;0.773930753564155
20529;Santos Reyes Yucuná;0.987031700288184
20530;Santo Tomás Jalieza;0.789735099337748
20531;Santo Tomás Mazaltepec;0.740066225165563
20532;Santo Tomás Ocotepec;0.861233480176211
20533;Santo Tomás Tamazulapan;0.784810126582278
20534;San Vicente Coatlán;0.914476614699332
20535;San Vicente Lachixío;0.767388825541619
20536;San Vicente Nuñú;0.927083333333333
20537;Silacayoápam;0.827425175122055
20538;Sitio de Xitlapehua;0.887179487179487
20539;Soledad Etla;0.577943925233645
20540;Villa de Tamazulápam del Progreso;0.546913580246914
20541;Tanetze de Zaragoza;0.865777080062794
20542;Taniche;0.902752293577982
20543;Tataltepec de Valdés;0.909833155839546
20544;Teococuilco de Marcos Pérez;0.831700801424755
20545;Teotitlán de Flores Magón;0.574870197300104
20546;Teotitlán del Valle;0.774267515923567
20547;Teotongo;0.809815950920245
20548;Tepelmeme Villa de Morelos;0.85427135678392
20549;Tezoatlán de Segura y Luna;0.874298540965208
20550;San Jerónimo Tlacochahuaya;0.676918483129292
20551;Tlacolula de Matamoros;0.668741949334478
20552;Tlacotepec Plumas;0.853372434017595
20553;Tlalixtac de Cabrera;0.643470601189165
20554;Totontepec Villa de Morelos;0.860805860805861
20555;Trinidad Zaachila;0.792442788717403
20556;La Trinidad Vista Hermosa;0.820388349514563
20557;Unión Hidalgo;0.576950954336796
20558;Valerio Trujano;0.751565762004175
20559;San Juan Bautista Valle Nacional;0.770634622606083
20560;Villa Díaz Ordaz;0.891623036649215
20561;Yaxe;0.808823529411765
20562;Magdalena Yodocono de Porfirio Díaz;0.760705289672544
20563;Yogana;0.893687707641196
20564;Yutanduchi de Guerrero;0.85752688172043
20565;Villa de Zaachila;0.614780378326387
20566;San Mateo Yucutindó;0.903765690376569
20567;Zapotitlán Lagunas;0.909853249475891
20568;Zapotitlán Palmas;0.797145769622834
20569;Santa Inés de Zaragoza;0.839271575613618
20570;Zimatlán de Álvarez;0.67569573283859
20901;Silacayoapam;.
20902;Huajuapam;.
20903;Coixtlahuaca;.
20904;Teotitlán;.
20905;Cuicatlán;.
20906;Tuxtepec;.
20907;Choapam;.
20908;Juxtlahuaca;.
20909;Teposcolula;.
20910;Nochixtlán;.
20911;Etla;.
20912;Benemerito Distrito de Ixtlán de Juárez;.
20913;Villa Alta;.
20914;Mixe;.
20915;Putla;.
20916;Tlaxiaco;.
20917;Zaachila;.
20918;Zimatlán;.
20919;Centro;.
20920;Tlacolula;.
20921;Jamiltepec;.
20922;Juquila;.
20923;Sola de Vega;.
20924;Ejutla;.
20925;Ocotlán;.
20926;Miahuatlán;.
20927;Yautepec;.
20928;Tehuantepec;.
20929;Juchitán;.
20930;Pochutla;.
20996;No especificado;.
20997;Otros estados;.
21001;Acajete;0.762136798411839
21002;Acateno;0.765873725630478
21003;Acatlán;0.624747449859557
21004;Acatzingo;0.756574657683112
21005;Acteopan;0.876216216216216
21006;Ahuacatlán;0.911698852504898
21007;Ahuatlán;0.847115384615385
21008;Ahuazotepec;0.635948070945328
21009;Ahuehuetitla;0.688185926404132
21010;Ajalpan;0.842791934730259
21011;Albino Zertuche;0.788135593220339
21012;Aljojuca;0.776196319018405
21013;Altepexi;0.826794821498627
21014;Amixtlán;0.858836206896552
21015;Amozoc;0.574547252289759
21016;Aquixtla;0.814772467413675
21017;Atempan;0.772128823171967
21018;Atexcal;0.817044928207504
21019;Atlixco;0.599150695647315
21020;Atoyatempan;0.75564681724846
21021;Atzala;0.700887198986058
21022;Atzitzihuacán;0.871534615967278
21023;Atzitzintla;0.873608382449247
21024;Axutla;0.817945383615085
21025;Ayotoxco de Guerrero;0.734417965169569
21026;Calpan;0.792751981879955
21027;Caltepec;0.853875042676681
21028;Camocuautla;0.90625
21029;Caxhuacan;0.711677282377919
21030;Coatepec;0.914512922465209
21031;Coatzingo;0.904581955597544
21032;Cohetzala;0.767441860465116
21033;Cohuecan;0.717701504049364
21034;Coronango;0.646042296072508
21035;Coxcatlán;0.651269393511989
21036;Coyomeapan;0.933639758690032
21037;Coyotepec;0.718867924528302
21038;Cuapiaxtla de Madero;0.781661737026082
21039;Cuautempan;0.819534155412018
21040;Cuautinchán;0.792630241423126
21041;Cuautlancingo;0.496340562680454
21042;Cuayuca de Andrade;0.804097311139565
21043;Cuetzalan del Progreso;0.795873968492123
21044;Cuyoaco;0.730990645238666
21045;Chalchicomula de Sesma;0.69137364027321
21046;Chapulco;0.782608695652174
21047;Chiautla;0.660864010221193
21048;Chiautzingo;0.677922814982974
21049;Chiconcuautla;0.92016436747872
21050;Chichiquila;0.92883079157589
21051;Chietla;0.676303677554851
21052;Chigmecatitlán;0.842233009708738
21053;Chignahuapan;0.744813857651743
21054;Chignautla;0.831441782261454
21055;Chila;0.779951939581188
21056;Chila de la Sal;0.827041264266901
21057;Honey;0.816488004083716
21058;Chilchotla;0.931512882624972
21059;Chinantla;0.771517027863777
21060;Domingo Arenas;0.850570962479609
21061;Eloxochitlán;0.950827897641746
21062;Epatlán;0.759071117561684
21063;Esperanza;0.726121696373694
21064;Francisco Z. Mena;0.763329537219174
21065;General Felipe Ángeles;0.851786553831688
21066;Guadalupe;0.811238532110092
21067;Guadalupe Victoria;0.761387526278907
21068;Hermenegildo Galeana;0.879922111639983
21069;Huaquechula;0.854790231684408
21070;Huatlatlauca;0.894248188405797
21071;Huauchinango;0.590407377098262
21072;Huehuetla;0.870984037179228
21073;Huehuetlán el Chico;0.742723679482573
21074;Huejotzingo;0.564517664984287
21075;Hueyapan;0.807499102978113
21076;Hueytamalco;0.821664862263924
21077;Hueytlalpan;0.913678197397652
21078;Huitzilan de Serdán;0.904873844225043
21079;Huitziltepec;0.699928212491027
21080;Atlequizayan;0.890538033395176
21081;Ixcamilpa de Guerrero;0.8589329021827
21082;Ixcaquixtla;0.585846592258371
21083;Ixtacamaxtitlán;0.818832704724158
21084;Ixtepec;0.873542368489246
21085;Izúcar de Matamoros;0.625115093136908
21086;Jalpan;0.766595001343725
21087;Jolalpan;0.853974121996303
21088;Jonotla;0.791917167668671
21089;Jopala;0.816388668255229
21090;Juan C. Bonilla;0.669731096299701
21091;Juan Galindo;0.53043331647277
21092;Juan N. Méndez;0.870824812542604
21093;Lafragua;0.871024049650892
21094;Libres;0.657960282733086
21095;La Magdalena Tlatlauquitepec;0.504132231404959
21096;Mazapiltepec de Juárez;0.751025991792066
21097;Mixtla;0.572831423895254
21098;Molcaxac;0.748403221327409
21099;Cañada Morelos;0.843246957204554
21100;Naupan;0.861650485436893
21101;Nauzontla;0.794247787610619
21102;Nealtican;0.820206981231363
21103;Nicolás Bravo;0.827508090614887
21104;Nopalucan;0.736852044188462
21105;Ocotepec;0.762306610407876
21106;Ocoyucan;0.793485086342229
21107;Olintla;0.880382775119617
21108;Oriental;0.663649706457926
21109;Pahuatlán;0.804381694255112
21110;Palmar de Bravo;0.82035466461064
21111;Pantepec;0.771163785421493
21112;Petlalcingo;0.823379461034232
21113;Piaxtla;0.779373743177248
21114;Puebla;0.373220696105079
21115;Quecholac;0.856015779092702
21116;Quimixtlán;0.927945284654658
21117;Rafael Lara Grajales;0.586396234872255
21118;Los Reyes de Juárez;0.812201857896058
21119;San Andrés Cholula;0.553741185874561
21120;San Antonio Cañada;0.894591393604422
21121;San Diego la Mesa Tochimiltzingo;0.904320987654321
21122;San Felipe Teotlalcingo;0.677260688611426
21123;San Felipe Tepatlán;0.913249211356467
21124;San Gabriel Chilac;0.791801510248112
21125;San Gregorio Atzompa;0.630146231721035
21126;San Jerónimo Tecuanipan;0.821571238348868
21127;San Jerónimo Xayacatlán;0.804444444444444
21128;San José Chiapa;0.774924471299094
21129;San José Miahuatlán;0.828232971372162
21130;San Juan Atenco;0.75764288879043
21131;San Juan Atzompa;0.759815242494226
21132;San Martín Texmelucan;0.501374720559139
21133;San Martín Totoltepec;0.730909090909091
21134;San Matías Tlalancaleca;0.644484233562121
21135;San Miguel Ixitlán;0.825688073394495
21136;San Miguel Xoxtla;0.446100347739692
21137;San Nicolás Buenos Aires;0.85021186440678
21138;San Nicolás de los Ranchos;0.787696422601137
21139;San Pablo Anicano;0.739712444224095
21140;San Pedro Cholula;0.514986804071886
21141;San Pedro Yeloixtlahuaca;0.718021873514028
21142;San Salvador el Seco;0.767769176636172
21143;San Salvador el Verde;0.595953715159013
21144;San Salvador Huixcolotla;0.774609312067021
21145;San Sebastián Tlacotepec;0.922305764411028
21146;Santa Catarina Tlaltempan;0.885767790262172
21147;Santa Inés Ahuatempan;0.807713806595864
21148;Santa Isabel Cholula;0.816801619433198
21149;Santiago Miahuatlán;0.726908104282175
21150;Huehuetlán el Grande;0.825692825692826
21151;Santo Tomás Hueyotlipan;0.656272147413182
21152;Soltepec;0.804714330315329
21153;Tecali de Herrera;0.659229799204578
21154;Tecamachalco;0.657845100258263
21155;Tecomatlán;0.716589861751152
21156;Tehuacán;0.561101019980439
21157;Tehuitzingo;0.752404171745903
21158;Tenampulco;0.742485419470615
21159;Teopantlán;0.900543109300747
21160;Teotlalco;0.75703564727955
21161;Tepanco de López;0.756456799087232
21162;Tepango de Rodríguez;0.769653423499577
21163;Tepatlaxco de Hidalgo;0.764326560408809
21164;Tepeaca;0.657057189227849
21165;Tepemaxalco;0.941077441077441
21166;Tepeojuma;0.793348205232204
21167;Tepetzintla;0.893584325777949
21168;Tepexco;0.8237461037121
21169;Tepexi de Rodríguez;0.74501692365551
21170;Tepeyahualco;0.782352274016105
21171;Tepeyahualco de Cuauhtémoc;0.661590524534687
21172;Tetela de Ocampo;0.793400980189135
21173;Teteles de Avila Castillo;0.399379057296077
21174;Teziutlán;0.537308850898904
21175;Tianguismanalco;0.844995408631772
21176;Tilapa;0.724088780289147
21177;Tlacotepec de Benito Juárez;0.832487083556031
21178;Tlacuilotepec;0.836863363215447
21179;Tlachichuca;0.751319487284941
21180;Tlahuapan;0.700032358968828
21181;Tlaltenango;0.642400243679561
21182;Tlanepantla;0.734685430463576
21183;Tlaola;0.875512448755124
21184;Tlapacoya;0.863264730758387
21185;Tlapanalá;0.875359934183464
21186;Tlatlauquitepec;0.684336215942396
21187;Tlaxco;0.798229138717467
21188;Tochimilco;0.866913319238901
21189;Tochtepec;0.692490824322984
21190;Totoltepec de Guerrero;0.756718528995757
21191;Tulcingo;0.829650395778364
21192;Tuzamapan de Galeana;0.748432601880878
21193;Tzicatlacoyan;0.822246455834242
21194;Venustiano Carranza;0.672946345360138
21195;Vicente Guerrero;0.907107609730759
21196;Xayacatlán de Bravo;0.705190989226249
21197;Xicotepec;0.674033415186095
21198;Xicotlán;0.566013071895425
21199;Xiutetelco;0.822601990908568
21200;Xochiapulco;0.794045676998369
21201;Xochiltepec;0.87611082070047
21202;Xochitlán de Vicente Suárez;0.865033407572383
21203;Xochitlán Todos Santos;0.815318302387268
21204;Yaonáhuac;0.639261320516064
21205;Yehualtepec;0.826176059618072
21206;Zacapala;0.830991569650743
21207;Zacapoaxtla;0.694390026714159
21208;Zacatlán;0.645467547839811
21209;Zapotitlán;0.770439626019495
21210;Zapotitlán de Méndez;0.741013824884793
21211;Zaragoza;0.516652639172779
21212;Zautla;0.83696673557602
21213;Zihuateutla;0.809887936717205
21214;Zinacatepec;0.819288174512055
21215;Zongozotla;0.716089466089466
21216;Zoquiapan;0.849423193685489
21217;Zoquitlán;0.923344947735192
21996;No especificado;.
21997;Otros estados;.
21998;Otros municipios;.
22001;Amealco de Bonfil;0.792929292929293
22002;Pinal de Amoles;0.829098651525905
22003;Arroyo Seco;0.802923659989172
22004;Cadereyta de Montes;0.761247969231789
22005;Colón;0.755960627050674
22006;Corregidora;0.442403063466488
22007;Ezequiel Montes;0.700908291825374
22008;Huimilpan;0.832656376929326
22009;Jalpan de Serra;0.732575578182966
22010;Landa de Matamoros;0.831349755512501
22011;El Marqués;0.695502220542379
22012;Pedro Escobedo;0.616747604672529
22013;Peñamiller;0.79369717207555
22014;Querétaro;0.368590052037734
22015;San Joaquín;0.757906976744186
22016;San Juan del Río;0.516409123070607
22017;Tequisquiapan;0.607019783024888
22018;Tolimán;0.721622889305816
22996;No especificado;.
22997;Otros estados;.
23001;Cozumel;0.466894146574002
23002;Felipe Carrillo Puerto;0.669649749821301
23003;Isla Mujeres;0.507173111080749
23004;Othón P. Blanco;0.515268219315437
23005;Benito Juárez;0.407851102787273
23006;José María Morelos;0.729935726067914
23007;Lázaro Cárdenas;0.71674098094852
23008;Solidaridad;0.509385520866132
23009;Tulum;.
23010;Bacalar;.
23996;No especificado;.
23997;Otros estados;.
23998;Otros municipios;.
24001;Ahualulco;0.773163791570336
24002;Alaquines;0.85602593440122
24003;Aquismón;0.844651631598841
24004;Armadillo de los Infante;0.815600624024961
24005;Cárdenas;0.662531223980017
24006;Catorce;0.731921824104235
24007;Cedral;0.634828071586568
24008;Cerritos;0.664986117200058
24009;Cerro de San Pedro;0.578558225508318
24010;Ciudad del Maíz;0.751252626474867
24011;Ciudad Fernández;0.703114727153189
24012;Tancanhuitz;0.69565960355434
24013;Ciudad Valles;0.523309628626256
24014;Coxcatlán;0.754145499856225
24015;Charcas;0.67622798543509
24016;Ebano;0.669416141031862
24017;Guadalcázar;0.819040277510118
24018;Huehuetlán;0.742555463281528
24019;Lagunillas;0.82312440645774
24020;Matehuala;0.533736870215417
24021;Mexquitic de Carmona;0.695783560864619
24022;Moctezuma;0.813485040033713
24023;Rayón;0.780880993941883
24024;Rioverde;0.671894740641808
24025;Salinas;0.735495660118776
24026;San Antonio;0.750143157091048
24027;San Ciro de Acosta;0.757316524088249
24028;San Luis Potosí;0.391137473831124
24029;San Martín Chalchicuautla;0.782318150395576
24030;San Nicolás Tolentino;0.821245932124593
24031;Santa Catarina;0.900244897959184
24032;Santa María del Río;0.73642943305187
24033;Santo Domingo;0.795409181636727
24034;San Vicente Tancuayalab;0.702362937958328
24035;Soledad de Graciano Sánchez;0.449201056597237
24036;Tamasopo;0.75418523425268
24037;Tamazunchale;0.70402765311384
24038;Tampacán;0.70123641014709
24039;Tampamolón Corona;0.716907605279698
24040;Tamuín;0.667285210614214
24041;Tanlajás;0.743786226544847
24042;Tanquián de Escobedo;0.633442862358525
24043;Tierra Nueva;0.808709735468778
24044;Vanegas;0.769130150425114
24045;Venado;0.737395192845165
24046;Villa de Arriaga;0.770945250885816
24047;Villa de Guadalupe;0.83809963099631
24048;Villa de la Paz;0.596606132777612
24049;Villa de Ramos;0.867698105722503
24050;Villa de Reyes;0.748872557207282
24051;Villa Hidalgo;0.761533729751897
24052;Villa Juárez;0.824460633230597
24053;Axtla de Terrazas;0.688253175550972
24054;Xilitla;0.793038240649951
24055;Zaragoza;0.75345260514752
24056;Villa de Arista;0.789772011588361
24057;Matlapa;0.747027367096571
24058;El Naranjo;0.679697568519632
24996;No especificado;.
24997;Otros estados;.
24998;Otros municipios;.
25001;Ahome;0.461241276171486
25002;Angostura;0.617422434367542
25003;Badiraguato;0.832622074480032
25004;Concordia;0.706497221763767
25005;Cosalá;0.77491219267436
25006;Culiacán;0.459230049322353
25007;Choix;0.807824373768646
25008;Elota;0.752822828987888
25009;Escuinapa;0.572437607910846
25010;El Fuerte;0.643328907786162
25011;Guasave;0.5789340645452
25012;Mazatlán;0.444488421183336
25013;Mocorito;0.734792374939291
25014;Rosario;0.616916849921917
25015;Salvador Alvarado;0.466850374269968
25016;San Ignacio;0.754118689105403
25017;Sinaloa;0.727034021572813
25018;Navolato;0.671934896669879
25996;No especificado;.
25997;Otros estados;.
25998;Otros municipios;.
26001;Aconchi;0.621798689696248
26002;Agua Prieta;0.532418542241576
26003;Alamos;0.677545613295598
26004;Altar;0.616712271100821
26005;Arivechi;0.706586826347305
26006;Arizpe;0.64622641509434
26007;Atil;0.588932806324111
26008;Bacadéhuachi;0.707877461706783
26009;Bacanora;0.772932330827068
26010;Bacerac;0.715456674473068
26011;Bacoachi;0.68159688412853
26012;Bácum;0.617259873232569
26013;Banámichi;0.597194388777555
26014;Baviácora;0.617404351087772
26015;Bavispe;0.792165397170838
26016;Benjamín Hill;0.557636507517805
26017;Caborca;0.553219705204574
26018;Cajeme;0.412765939955937
26019;Cananea;0.420754805219099
26020;Carbó;0.654398003742982
26021;La Colorada;0.681789137380192
26022;Cucurpe;0.731297709923664
26023;Cumpas;0.551739926739927
26024;Divisaderos;0.64594127806563
26025;Empalme;0.530428226779252
26026;Etchojoa;0.580422409840045
26027;Fronteras;0.563261093911249
26028;Granados;0.531079607415485
26029;Guaymas;0.479874221001903
26030;Hermosillo;0.381306947885977
26031;Huachinera;0.741721854304636
26032;Huásabas;0.65015015015015
26033;Huatabampo;0.54817223985822
26034;Huépac;0.563260340632603
26035;Imuris;0.628223159868729
26036;Magdalena;0.48964745383324
26037;Mazatán;0.595433789954338
26038;Moctezuma;0.518363064008394
26039;Naco;0.574493804774856
26040;Nácori Chico;0.741089441829186
26041;Nacozari de García;0.470594713656388
26042;Navojoa;0.490630826109397
26043;Nogales;0.404646393680753
26044;Onavas;0.755700325732899
26045;Opodepe;0.692977681001633
26046;Oquitoa;0.621875
26047;Pitiquito;0.549314173742652
26048;Puerto Peñasco;0.489123464706753
26049;Quiriego;0.742254153569825
26050;Rayón;0.72280701754386
26051;Rosario;0.714710654407788
26052;Sahuaripa;0.662630966239814
26053;San Felipe de Jesús;0.501718213058419
26054;San Javier;0.7
26055;San Luis Río Colorado;0.52533890789307
26056;San Miguel de Horcasitas;0.787007760850819
26057;San Pedro de la Cueva;0.775147928994083
26058;Santa Ana;0.52574823943662
26059;Santa Cruz;0.647846889952153
26060;Sáric;0.696271186440678
26061;Soyopa;0.666060054595086
26062;Suaqui Grande;0.672131147540984
26063;Tepache;0.647533632286996
26064;Trincheras;0.733274647887324
26065;Tubutama;0.75187969924812
26066;Ures;0.590787119856887
26067;Villa Hidalgo;0.655147588192945
26068;Villa Pesqueira;0.667906976744186
26069;Yécora;0.763289869608826
26070;General Plutarco Elías Calles;0.57859438312142
26071;Benito Juárez;0.574402250351617
26072;San Ignacio Río Muerto;0.626204886796682
26996;No especificado;.
26997;Otros estados;.
26998;Otros municipios;.
27001;Balancán;0.718676122931442
27002;Cárdenas;0.625882568695174
27003;Centla;0.592569397115438
27004;Centro;0.414589634978793
27005;Comalcalco;0.644385026737968
27006;Cunduacán;0.644464009229181
27007;Emiliano Zapata;0.597105482883384
27008;Huimanguillo;0.705888668205486
27009;Jalapa;0.640331693092765
27010;Jalpa de Méndez;0.55188712356974
27011;Jonuta;0.748415605558463
27012;Macuspana;0.604527328450224
27013;Nacajuca;0.531505079570145
27014;Paraíso;0.552618995870463
27015;Tacotalpa;0.686447182387396
27016;Teapa;0.629609726607107
27017;Tenosique;0.642093056964777
27996;No especificado;.
27997;Otros estados;.
27998;Otros municipios;.
28001;Abasolo;0.657250029304888
28002;Aldama;0.718030762321769
28003;Altamira;0.556911156030417
28004;Antiguo Morelos;0.712476140898837
28005;Burgos;0.783444816053512
28006;Bustamante;0.846978139734248
28007;Camargo;0.63703178960418
28008;Casas;0.843009275163174
28009;Ciudad Madero;0.340387597479942
28010;Cruillas;0.823715916296766
28011;Gómez Farías;0.68903803131991
28012;González;0.724713361334998
28013;Güémez;0.722422571064913
28014;Guerrero;0.649826989619377
28015;Gustavo Díaz Ordaz;0.595099818511797
28016;Hidalgo;0.72336115885097
28017;Jaumave;0.721233275159977
28018;Jiménez;0.648398576512455
28019;Llera;0.723274178483485
28020;Mainero;0.750898818695429
28021;El Mante;0.525246439604671
28022;Matamoros;0.467499636786285
28023;Méndez;0.757532689027857
28024;Mier;0.55683547054988
28025;Miguel Alemán;0.5491961414791
28026;Miquihuana;0.850820487319741
28027;Nuevo Laredo;0.474184980883168
28028;Nuevo Morelos;0.727600411946447
28029;Ocampo;0.71573430557138
28030;Padilla;0.648500766031955
28031;Palmillas;0.770700636942675
28032;Reynosa;0.442990224673419
28033;Río Bravo;0.577262499634727
28034;San Carlos;0.787747153984422
28035;San Fernando;0.662834100754707
28036;San Nicolás;0.86535552193646
28037;Soto la Marina;0.736000513742615
28038;Tampico;0.377672814584425
28039;Tula;0.770145152619318
28040;Valle Hermoso;0.575622273543752
28041;Victoria;0.372060734635848
28042;Villagrán;0.78910149750416
28043;Xicoténcatl;0.580029844936093
28996;No especificado;.
28997;Otros estados;.
28998;Otros municipios;.
29001;Amaxac de Guerrero;0.398396244866028
29002;Apetatitlán de Antonio Carvajal;0.371987561544442
29003;Atlangatepec;0.674150664697194
29004;Atltzayanca;0.702622829700776
29005;Apizaco;0.378992208709471
29006;Calpulalpan;0.515879097488293
29007;El Carmen Tequexquitla;0.714439800458406
29008;Cuapiaxtla;0.69193045028979
29009;Cuaxomulco;0.530342037513792
29010;Chiautempan;0.430345007841087
29011;Muñoz de Domingo Arenas;0.572599531615925
29012;Españita;0.713866967305524
29013;Huamantla;0.572523641226478
29014;Hueyotlipan;0.636329399949787
29015;Ixtacuixtla de Mariano Matamoros;0.525682223922469
29016;Ixtenco;0.53479223014507
29017;Mazatecochco de José María Morelos;0.639910397610603
29018;Contla de Juan Cuamatzi;0.521349862258953
29019;Tepetitla de Lardizábal;0.495339119254259
29020;Sanctórum de Lázaro Cárdenas;0.582269826800365
29021;Nanacamilpa de Mariano Arista;0.591035218783351
29022;Acuamanala de Miguel Hidalgo;0.496803309514855
29023;Natívitas;0.55608143640598
29024;Panotla;0.36190712998073
29025;San Pablo del Monte;0.671077107710771
29026;Santa Cruz Tlaxcala;0.53589196872779
29027;Tenancingo;0.638133452221727
29028;Teolocholco;0.522180801491146
29029;Tepeyanco;0.451575647582907
29030;Terrenate;0.752379535990482
29031;Tetla de la Solidaridad;0.542888806797192
29032;Tetlatlahuca;0.490531631364848
29033;Tlaxcala;0.28678602566962
29034;Tlaxco;0.671226937713763
29035;Tocatlán;0.587177747625509
29036;Totolac;0.325502456453774
29037;Ziltlaltépec de Trinidad Sánchez Santos;0.739255014326648
29038;Tzompantepec;0.490540075679395
29039;Xaloztoc;0.54992449981125
29040;Xaltocan;0.573541666666667
29041;Papalotla de Xicohténcatl;0.475001714560044
29042;Xicohtzinco;0.44556566230813
29043;Yauhquemehcan;0.434321128365864
29044;Zacatelco;0.473721896033224
29045;Benito Juárez;0.598305084745763
29046;Emiliano Zapata;0.788645038167939
29047;Lázaro Cárdenas;0.662438336856942
29048;La Magdalena Tlaltelulco;0.566277962874821
29049;San Damián Texóloc;0.415881561238223
29050;San Francisco Tetlanohcan;0.5368081676518
29051;San Jerónimo Zacualpan;0.456051541647492
29052;San José Teacalco;0.624113475177305
29053;San Juan Huactzinco;0.40302613480055
29054;San Lorenzo Axocomanitla;0.43818306010929
29055;San Lucas Tecopilco;0.591987348444913
29056;Santa Ana Nopalucan;0.427363566487317
29057;Santa Apolonia Teacalco;0.444067796610169
29058;Santa Catarina Ayometla;0.55358361774744
29059;Santa Cruz Quilehtla;0.580838323353293
29060;Santa Isabel Xiloxoxtla;0.529556650246305
29996;No especificado;.
29997;Otros estados;.
29998;Otros municipios;.
30001;Acajete;0.770711659095825
30002;Acatlán;0.792452830188679
30003;Acayucan;0.635525396666999
30004;Actopan;0.725661443616748
30005;Acula;0.750143760782059
30006;Acultzingo;0.803226110744269
30007;Camarón de Tejeda;0.795724465558195
30008;Alpatláhuac;0.879652328950301
30009;Alto Lucero de Gutiérrez Barrios;0.793040391545205
30010;Altotonga;0.804281745383233
30011;Alvarado;0.613793499153685
30012;Amatitlán;0.722915042868277
30013;Naranjos Amatlán;0.542794067700668
30014;Amatlán de los Reyes;0.666303426564959
30015;Angel R. Cabada;0.756962849304877
30016;La Antigua;0.564306893995552
30017;Apazapan;0.732457940090275
30018;Aquila;0.941972920696325
30019;Astacinga;0.921869425615412
30020;Atlahuilco;0.928385416666667
30021;Atoyac;0.669568106312292
30022;Atzacan;0.776062511911568
30023;Atzalan;0.846510804109104
30024;Tlaltetela;0.868255959849435
30025;Ayahualulco;0.937482685381845
30026;Banderilla;0.536437803648364
30027;Benito Juárez;0.846506550218341
30028;Boca del Río;0.412786523897635
30029;Calcahualco;0.939388521365993
30030;Camerino Z. Mendoza;0.498965348583468
30031;Carrillo Puerto;0.881436853472775
30032;Catemaco;0.723353760051008
30033;Cazones de Herrera;0.765555245535714
30034;Cerro Azul;0.506155551665792
30035;Citlaltépetl;0.775145143574455
30036;Coacoatzintla;0.788160580630529
30037;Coahuitlán;0.869189738379477
30038;Coatepec;0.559580721003135
30039;Coatzacoalcos;0.458901755859684
30040;Coatzintla;0.536973394601691
30041;Coetzala;0.848484848484849
30042;Colipa;0.805906040268456
30043;Comapa;0.893514417872257
30044;Córdoba;0.508776511102225
30045;Cosamaloapan de Carpio;0.606950445404598
30046;Cosautlán de Carvajal;0.835367730023592
30047;Coscomatepec;0.825957446808511
30048;Cosoleacaque;0.544203979310126
30049;Cotaxtla;0.792419497309885
30050;Coxquihui;0.759199259430687
30051;Coyutla;0.793491265853075
30052;Cuichapa;0.689179268829834
30053;Cuitláhuac;0.664980439767975
30054;Chacaltianguis;0.727020202020202
30055;Chalma;0.743288383026104
30056;Chiconamel;0.82250065257113
30057;Chiconquiaco;0.881549277092453
30058;Chicontepec;0.759037480594367
30059;Chinameca;0.687580437580438
30060;Chinampa de Gorostiza;0.77673031026253
30061;Las Choapas;0.730636361470469
30062;Chocamán;0.774879743452699
30063;Chontla;0.801712328767123
30064;Chumatlán;0.778884462151394
30065;Emiliano Zapata;0.649735838962081
30066;Espinal;0.722241343704826
30067;Filomeno Mata;0.91471287801563
30068;Fortín;0.523747827460894
30069;Gutiérrez Zamora;0.627816364560393
30070;Hidalgotitlán;0.83794080296962
30071;Huatusco;0.710465317419132
30072;Huayacocotla;0.788965517241379
30073;Hueyapan de Ocampo;0.729087987143431
30074;Huiloapan de Cuauhtémoc;0.590013140604468
30075;Ignacio de la Llave;0.794876248371689
30076;Ilamatlán;0.899503722084367
30077;Isla;0.730350713967882
30078;Ixcatepec;0.781208233092756
30079;Ixhuacán de los Reyes;0.908577479703495
30080;Ixhuatlán del Café;0.791984572817976
30081;Ixhuatlancillo;0.726085761407367
30082;Ixhuatlán del Sureste;0.686622232801714
30083;Ixhuatlán de Madero;0.83098640399556
30084;Ixmatlahuacan;0.756091617933723
30085;Ixtaczoquitlán;0.589191051738762
30086;Jalacingo;0.849441501914101
30087;Xalapa;0.386311314132755
30088;Jalcomulco;0.842791911285062
30089;Jáltipan;0.585200896430286
30090;Jamapa;0.718316166592029
30091;Jesús Carranza;0.793096405228758
30092;Xico;0.723663712060167
30093;Jilotepec;0.661384976525822
30094;Juan Rodríguez Clara;0.767361603555051
30095;Juchique de Ferrer;0.785378366823429
30096;Landero y Coss;0.81282316442606
30097;Lerdo de Tejada;0.594789749398273
30098;Magdalena;0.849842767295597
30099;Maltrata;0.75756880733945
30100;Manlio Fabio Altamirano;0.775321888412017
30101;Mariano Escobedo;0.619157223796034
30102;Martínez de la Torre;0.595091483762104
30103;Mecatlán;0.866643514499045
30104;Mecayapan;0.857760635811127
30105;Medellín;0.654482412899992
30106;Miahuatlán;0.802983764809127
30107;Las Minas;0.913536498936924
30108;Minatitlán;0.52413610407959
30109;Misantla;0.660673464670074
30110;Mixtla de Altamirano;0.937728937728938
30111;Moloacán;0.7209974005969
30112;Naolinco;0.693796526054591
30113;Naranjal;0.787987271280827
30114;Nautla;0.67722681359045
30115;Nogales;0.545143346170304
30116;Oluta;0.678063359234907
30117;Omealca;0.741013890877846
30118;Orizaba;0.400765559065649
30119;Otatitlán;0.68275472763195
30120;Oteapan;0.761105235325225
30121;Ozuluama de Mascareñas;0.782261531846938
30122;Pajapan;0.888334995014955
30123;Pánuco;0.65701514107584
30124;Papantla;0.658365665960394
30125;Paso del Macho;0.775728663680261
30126;Paso de Ovejas;0.692194682716459
30127;La Perla;0.942422596414992
30128;Perote;0.671224015759607
30129;Platón Sánchez;0.736303317535545
30130;Playa Vicente;0.799516661560979
30131;Poza Rica de Hidalgo;0.418398938522778
30132;Las Vigas de Ramírez;0.75250174540377
30133;Pueblo Viejo;0.597685033262731
30134;Puente Nacional;0.667196187450357
30135;Rafael Delgado;0.754238239586842
30136;Rafael Lucio;0.680174927113703
30137;Los Reyes;0.875053123671908
30138;Río Blanco;0.448794756131942
30139;Saltabarranca;0.738234545917069
30140;San Andrés Tenejapan;0.908300395256917
30141;San Andrés Tuxtla;0.743447716833288
30142;San Juan Evangelista;0.79612992398065
30143;Santiago Tuxtla;0.771779352284788
30144;Sayula de Alemán;0.748315520446097
30145;Soconusco;0.692373485388453
30146;Sochiapa;0.847933884297521
30147;Soledad Atzompa;0.943522310842854
30148;Soledad de Doblado;0.780388663065872
30149;Soteapan;0.887994044396318
30150;Tamalín;0.762431713125088
30151;Tamiahua;0.777963172635719
30152;Tampico Alto;0.754043048283886
30153;Tancoco;0.75222816399287
30154;Tantima;0.818385122410546
30155;Tantoyuca;0.727047015319598
30156;Tatatila;0.90852314474651
30157;Castillo de Teayo;0.723482016778802
30158;Tecolutla;0.721066438899396
30159;Tehuipango;0.945221696082652
30160;Álamo Temapache;0.706207542750059
30161;Tempoal;0.763476297968397
30162;Tenampa;0.847832167832168
30163;Tenochtitlán;0.853178155774396
30164;Teocelo;0.684460997310159
30165;Tepatlaxco;0.859332918997307
30166;Tepetlán;0.859422628653398
30167;Tepetzintla;0.733850746268657
30168;Tequila;0.860063805104408
30169;José Azueta;0.776773522335653
30170;Texcatepec;0.908895405669599
30171;Texhuacán;0.810325476992144
30172;Texistepec;0.768719652440583
30173;Tezonapa;0.796810665969545
30174;Tierra Blanca;0.656474391696444
30175;Tihuatlán;0.656714380436054
30176;Tlacojalpan;0.712072304712718
30177;Tlacolulan;0.844855305466238
30178;Tlacotalpan;0.663584705769046
30179;Tlacotepec de Mejía;0.797849462365591
30180;Tlachichilco;0.872845168432706
30181;Tlalixcoyan;0.756683503757546
30182;Tlalnelhuayocan;0.759702363583309
30183;Tlapacoyan;0.701915295387106
30184;Tlaquilpa;0.855114459576934
30185;Tlilapan;0.736359850062474
30186;Tomatlán;0.676630434782609
30187;Tonayán;0.89324374766704
30188;Totutla;0.818969159273342
30189;Tuxpan;0.541114307520695
30190;Tuxtilla;0.634566326530612
30191;Ursulo Galván;0.586738863914998
30192;Vega de Alatorre;0.692692369737054
30193;Veracruz;0.428397851814051
30194;Villa Aldama;0.798585815298907
30195;Xoxocotla;0.873956594323873
30196;Yanga;0.680051221073813
30197;Yecuatla;0.811270951563943
30198;Zacualpan;0.902212705210564
30199;Zaragoza;0.834311424100156
30200;Zentla;0.816999132697311
30201;Zongolica;0.809944844427603
30202;Zontecomatlán de López y Fuentes;0.90277367955149
30203;Zozocolco de Hidalgo;0.834198270126414
30204;Agua Dulce;0.569965987563129
30205;El Higo;0.612958435207824
30206;Nanchital de Lázaro Cárdenas del Río;0.475964135249001
30207;Tres Valles;0.674302717430272
30208;Carlos A. Carrillo;0.658233329209452
30209;Tatahuicapan de Juárez;0.845583962812318
30210;Uxpanapa;0.859199875466999
30211;San Rafael;.
30212;Santiago Sochiapan;.
30996;No especificado;.
30997;Otros estados;.
30998;Otros municipios;.
31001;Abalá;0.848127396048363
31002;Acanceh;0.697784810126582
31003;Akil;0.788218286953379
31004;Baca;0.649652592196686
31005;Bokobá;0.73969465648855
31006;Buctzotz;0.791348600508906
31007;Cacalchén;0.739472466450717
31008;Calotmul;0.838939453897903
31009;Cansahcab;0.643248175182482
31010;Cantamayec;0.838842975206612
31011;Celestún;0.801001581444386
31012;Cenotillo;0.835078534031414
31013;Conkal;0.579973499905357
31014;Cuncunul;0.806490384615385
31015;Cuzamá;0.825564971751412
31016;Chacsinkín;0.859134262655906
31017;Chankom;0.895867768595041
31018;Chapab;0.778741865509761
31019;Chemax;0.91521072523711
31020;Chicxulub Pueblo;0.645390070921986
31021;Chichimilá;0.814680796071336
31022;Chikindzonot;0.879369768586903
31023;Chocholá;0.697368421052632
31024;Chumayel;0.826615129762562
31025;Dzán;0.776315789473684
31026;Dzemul;0.712455830388693
31027;Dzidzantún;0.537289058247142
31028;Dzilam de Bravo;0.631416202844774
31029;Dzilam González;0.715594059405941
31030;Dzitás;0.818837314105453
31031;Dzoncauich;0.793140990745781
31032;Espita;0.817891373801917
31033;Halachó;0.724286237188873
31034;Hocabá;0.767375071797817
31035;Hoctún;0.78136102760317
31036;Homún;0.813619167717528
31037;Huhí;0.816008692502716
31038;Hunucmá;0.705018654471055
31039;Ixil;0.707502374169041
31040;Izamal;0.712808011595731
31041;Kanasín;0.650343119340561
31042;Kantunil;0.836728198599618
31043;Kaua;0.847161572052402
31044;Kinchil;0.814224751066856
31045;Kopomá;0.738961038961039
31046;Mama;0.858309037900875
31047;Maní;0.826856349757113
31048;Maxcanú;0.718094442122858
31049;Mayapán;0.909774436090226
31050;Mérida;0.420960292313673
31051;Mocochá;0.672955974842767
31052;Motul;0.690543831168831
31053;Muna;0.70521151040976
31054;Muxupip;0.769901220220802
31055;Opichén;0.824497257769653
31056;Oxkutzcab;0.764541832669323
31057;Panabá;0.79894928268337
31058;Peto;0.736175298804781
31059;Progreso;0.548939020306269
31060;Quintana Roo;0.762422360248447
31061;Río Lagartos;0.76029776674938
31062;Sacalum;0.799586776859504
31063;Samahil;0.773591675636886
31064;Sanahcat;0.739795918367347
31065;San Felipe;0.748019017432647
31066;Santa Elena;0.797128300138953
31067;Seyé;0.78097667638484
31068;Sinanché;0.721669037458511
31069;Sotuta;0.843585237258348
31070;Sucilá;0.748218527315915
31071;Sudzal;0.810663764961915
31072;Suma;0.703786191536748
31073;Tahdziú;0.90948275862069
31074;Tahmek;0.72851956434046
31075;Teabo;0.833510827121051
31076;Tecoh;0.802973580062039
31077;Tekal de Venegas;0.789581905414668
31078;Tekantó;0.712132629992464
31079;Tekax;0.714464128775614
31080;Tekit;0.874953823420761
31081;Tekom;0.805505685218432
31082;Telchac Pueblo;0.664842105263158
31083;Telchac Puerto;0.701652089407191
31084;Temax;0.78554669169404
31085;Temozón;0.86512576478586
31086;Tepakán;0.847977684797768
31087;Tetiz;0.858156028368794
31088;Teya;0.820870994248151
31089;Ticul;0.620168624478969
31090;Timucuy;0.84621409921671
31091;Tinum;0.771889018109321
31092;Tixcacalcupul;0.90410519563823
31093;Tixkokob;0.624907407407407
31094;Tixmehuac;0.840049854590777
31095;Tixpéhual;0.62478286045165
31096;Tizimín;0.764081444722975
31097;Tunkás;0.81263429308122
31098;Tzucacab;0.801357773251867
31099;Uayma;0.856293895191788
31100;Ucú;0.740948495665477
31101;Umán;0.619149133376587
31102;Valladolid;0.653713834527099
31103;Xocchel;0.797167138810198
31104;Yaxcabá;0.863965829666063
31105;Yaxkukul;0.62094304960196
31106;Yobaín;0.655196629213483
31996;No especificado;.
31997;Otros estados;.
31998;Otros municipios;.
32001;Apozol;0.81476897689769
32002;Apulco;0.847333333333333
32003;Atolinga;0.843228200371058
32004;Benito Juárez;0.775784753363229
32005;Calera;0.656385419321947
32006;Cañitas de Felipe Pescador;0.683168316831683
32007;Concepción del Oro;0.603032562764106
32008;Cuauhtémoc;0.751794258373206
32009;Chalchihuites;0.720568695190008
32010;Fresnillo;0.64371545511789
32011;Trinidad García de la Cadena;0.752971137521222
32012;Genaro Codina;0.770456503014643
32013;General Enrique Estrada;0.686491079014444
32014;General Francisco R. Murguía;0.781267332224071
32015;El Plateado de Joaquín Amaro;0.851153039832285
32016;General Pánfilo Natera;0.797251125951235
32017;Guadalupe;0.451972506209207
32018;Huanusco;0.808215130023641
32019;Jalpa;0.711997846712873
32020;Jerez;0.657943873143271
32021;Jiménez del Teul;0.807786741494213
32022;Juan Aldama;0.645191096178076
32023;Juchipila;0.698039215686274
32024;Loreto;0.637991645642913
32025;Luis Moya;0.687686832740213
32026;Mazapil;0.78041730647638
32027;Melchor Ocampo;0.789024390243902
32028;Mezquital del Oro;0.809938524590164
32029;Miguel Auza;0.749524714828897
32030;Momax;0.808163265306122
32031;Monte Escobedo;0.780337941628264
32032;Morelos;0.604253997826424
32033;Moyahua de Estrada;0.779289493575208
32034;Nochistlán de Mejía;0.758602463132301
32035;Noria de Ángeles;0.771232204221895
32036;Ojocaliente;0.692942254812099
32037;Pánuco;0.81111238927873
32038;Pinos;0.796448953709575
32039;Río Grande;0.675827013509473
32040;Sain Alto;0.792083231732098
32041;El Salvador;0.775686673448627
32042;Sombrerete;0.713680874827918
32043;Susticacán;0.778436018957346
32044;Tabasco;0.78430566967954
32045;Tepechitlán;0.749217935349322
32046;Tepetongo;0.845325585370022
32047;Teúl de González Ortega;0.707539214032721
32048;Tlaltenango de Sánchez Román;0.707080055529847
32049;Valparaíso;0.750148016577857
32050;Vetagrande;0.6696735395189
32051;Villa de Cos;0.778692226627189
32052;Villa García;0.632114045750912
32053;Villa González Ortega;0.724448315911731
32054;Villa Hidalgo;0.786109267861093
32055;Villanueva;0.757658827490021
32056;Zacatecas;0.401127240477969
32057;Trancoso;0.677754157809178
